sku,product_name,category,group,subgroup,brand,base_price,initial_ticket_price,costos
ELECOLA001,TechPro Laptops Smart 2025,Electronics,Computing,Laptops,TechPro,284.94,355.14,225.84
ELECOLA002,Electra Laptops Ultra Pro,Electronics,Computing,Laptops,Electra,311.83,352.74,209.99
ELECOLA003,CircuitCity Laptops Air 2024,Electronics,Computing,Laptops,CircuitCity,246.96,301.35,192.61
ELECOLA004,TechPro Laptops Elite 2025,Electronics,Computing,Laptops,TechPro,324.96,420.49,212.23
ELECOLA005,CircuitCity Laptops Pro S,Electronics,Computing,Laptops,CircuitCity,339.88,386.23,231.75
ELECOLA006,Electra Laptops Edge XL,Electronics,Computing,Laptops,Electra,262.0,315.7,182.26
ELECOLA007,Electra Laptops Smart 10,Electronics,Computing,Laptops,Electra,291.82,356.72,202.43
ELECOLA008,TechPro Laptops Max Pro,Electronics,Computing,Laptops,TechPro,256.73,301.22,178.13
ELECOLA009,ByteWare Laptops Smart 2025,Electronics,Computing,Laptops,ByteWare,294.72,335.96,226.28
ELECODE001,Innovate Desktops Ultra XL,Electronics,Computing,Desktops,Innovate,301.7,334.67,222.91
ELECODE002,TechPro Desktops Plus S,Electronics,Computing,Desktops,TechPro,312.89,348.26,211.39
ELECODE003,Innovate Desktops Pro Pro,Electronics,Computing,Desktops,Innovate,353.85,446.45,281.26
ELECODE004,ByteWare Desktops Ultra XL,Electronics,Computing,Desktops,ByteWare,276.54,342.04,183.81
ELECODE005,TechPro Desktops Smart 11,Electronics,Computing,Desktops,TechPro,292.81,351.09,195.69
ELECODE006,CircuitCity Desktops Elite Pro,Electronics,Computing,Desktops,CircuitCity,244.12,281.16,191.97
ELECODE007,TechPro Desktops Elite 3,Electronics,Computing,Desktops,TechPro,319.49,384.67,222.61
ELECODE008,Innovate Desktops Elite 4,Electronics,Computing,Desktops,Innovate,305.6,395.41,207.11
ELECODE009,TechPro Desktops Smart XL,Electronics,Computing,Desktops,TechPro,333.0,425.9,263.38
ELECODE010,Innovate Desktops Plus X,Electronics,Computing,Desktops,Innovate,311.74,348.43,245.74
ELECODE011,Electra Desktops Smart Pro,Electronics,Computing,Desktops,Electra,263.51,307.01,173.07
ELECOTA001,CircuitCity Tablets Max S,Electronics,Computing,Tablets,CircuitCity,286.63,362.8,197.98
ELECOTA002,Electra Tablets Mini XL,Electronics,Computing,Tablets,Electra,282.8,341.78,195.74
ELECOTA003,Innovate Tablets Edge 2025,Electronics,Computing,Tablets,Innovate,256.9,286.42,197.9
ELECOTA004,Innovate Tablets Pro 2025,Electronics,Computing,Tablets,Innovate,358.41,408.5,274.49
ELECOTA005,TechPro Tablets Plus XL,Electronics,Computing,Tablets,TechPro,240.65,298.74,185.86
ELECOTA006,Innovate Tablets Elite S,Electronics,Computing,Tablets,Innovate,327.47,365.07,250.74
ELECOTA007,Innovate Tablets Mini XL,Electronics,Computing,Tablets,Innovate,283.01,360.16,188.87
ELECOTA008,ByteWare Tablets Smart 2025,Electronics,Computing,Tablets,ByteWare,314.79,350.27,220.23
ELECOTA009,Electra Tablets Edge S,Electronics,Computing,Tablets,Electra,277.31,345.5,193.78
ELEMOSM001,CircuitCity Smartphones Air X,Electronics,Mobile,Smartphones,CircuitCity,316.5,378.04,247.84
ELEMOSM002,Electra Smartphones Edge XL,Electronics,Mobile,Smartphones,Electra,254.34,318.48,192.53
ELEMOSM003,TechPro Smartphones Pro 15,Electronics,Mobile,Smartphones,TechPro,307.34,368.43,235.32
ELEMOSM004,TechPro Smartphones Max 5,Electronics,Mobile,Smartphones,TechPro,302.72,334.53,216.18
ELEMOSM005,ByteWare Smartphones Ultra XL,Electronics,Mobile,Smartphones,ByteWare,252.94,310.43,165.6
ELEMOSM006,ByteWare Smartphones Mini S,Electronics,Mobile,Smartphones,ByteWare,277.71,355.89,201.7
ELEMOSM007,Innovate Smartphones Pro Pro,Electronics,Mobile,Smartphones,Innovate,269.91,337.68,192.05
ELEMOSM008,TechPro Smartphones Edge 13,Electronics,Mobile,Smartphones,TechPro,267.45,309.69,176.93
ELEMOSM009,Innovate Smartphones Plus 2024,Electronics,Mobile,Smartphones,Innovate,259.34,327.19,204.74
ELEMOSM010,Innovate Smartphones Max XL,Electronics,Mobile,Smartphones,Innovate,316.0,398.39,246.71
ELEMOSM011,TechPro Smartphones Smart S,Electronics,Mobile,Smartphones,TechPro,262.38,316.92,205.68
ELEMOSM012,Electra Smartphones Ultra 11,Electronics,Mobile,Smartphones,Electra,336.88,392.0,264.25
ELEMOWE001,CircuitCity Wearables Elite 2025,Electronics,Mobile,Wearables,CircuitCity,253.2,300.15,173.24
ELEMOWE002,Innovate Wearables Max S,Electronics,Mobile,Wearables,Innovate,338.15,372.44,263.46
ELEMOWE003,CircuitCity Wearables Plus XL,Electronics,Mobile,Wearables,CircuitCity,301.28,344.79,214.7
ELEMOWE004,TechPro Wearables Plus 4,Electronics,Mobile,Wearables,TechPro,254.38,327.78,178.23
ELEMOWE005,Innovate Wearables Pro 2025,Electronics,Mobile,Wearables,Innovate,278.78,345.85,202.9
ELEMOWE006,CircuitCity Wearables Ultra Pro,Electronics,Mobile,Wearables,CircuitCity,283.63,366.58,225.7
ELEMOWE007,ByteWare Wearables Edge 4,Electronics,Mobile,Wearables,ByteWare,270.2,313.49,195.79
ELEMOWE008,Electra Wearables Mini S,Electronics,Mobile,Wearables,Electra,274.17,335.01,179.73
ELEMOWE009,Electra Wearables Edge 7,Electronics,Mobile,Wearables,Electra,300.31,347.08,197.52
ELEMOWE010,CircuitCity Wearables Elite S,Electronics,Mobile,Wearables,CircuitCity,348.98,393.99,239.38
ELEMOWE011,Electra Wearables Smart XL,Electronics,Mobile,Wearables,Electra,298.72,343.06,238.34
ELEMOWE012,Innovate Wearables Edge XL,Electronics,Mobile,Wearables,Innovate,320.65,367.95,245.05
ELEMOAC001,Electra Accessories Ultra X,Electronics,Mobile,Accessories,Electra,327.38,401.51,230.85
ELEMOAC002,TechPro Accessories Edge 2025,Electronics,Mobile,Accessories,TechPro,316.01,353.32,230.81
ELEMOAC003,CircuitCity Accessories Pro 2024,Electronics,Mobile,Accessories,CircuitCity,340.22,386.94,237.52
ELEMOAC004,TechPro Accessories Ultra 2024,Electronics,Mobile,Accessories,TechPro,244.88,302.56,180.88
ELEMOAC005,Innovate Accessories Edge 2025,Electronics,Mobile,Accessories,Innovate,241.98,277.14,175.88
ELEMOAC006,Innovate Accessories Mini 2025,Electronics,Mobile,Accessories,Innovate,317.41,393.01,214.62
ELEMOAC007,CircuitCity Accessories Mini 2025,Electronics,Mobile,Accessories,CircuitCity,286.4,322.92,226.4
ELEMOAC008,ByteWare Accessories Air 2025,Electronics,Mobile,Accessories,ByteWare,280.92,360.96,187.38
ELEMOAC009,TechPro Accessories Air X,Electronics,Mobile,Accessories,TechPro,345.27,425.37,237.78
ELEAUHE001,ByteWare Headphones Pro Pro,Electronics,Audio,Headphones,ByteWare,338.06,407.67,247.89
ELEAUHE002,TechPro Headphones Air Pro,Electronics,Audio,Headphones,TechPro,269.01,344.19,178.62
ELEAUHE003,Innovate Headphones Ultra 2025,Electronics,Audio,Headphones,Innovate,348.04,406.44,259.28
ELEAUHE004,Electra Headphones Edge XL,Electronics,Audio,Headphones,Electra,281.9,360.66,213.93
ELEAUHE005,Electra Headphones Max X,Electronics,Audio,Headphones,Electra,346.44,425.57,265.71
ELEAUHE006,ByteWare Headphones Ultra XL,Electronics,Audio,Headphones,ByteWare,250.09,320.04,168.62
ELEAUHE007,CircuitCity Headphones Pro Pro,Electronics,Audio,Headphones,CircuitCity,312.76,350.38,203.73
ELEAUHE008,CircuitCity Headphones Ultra 3,Electronics,Audio,Headphones,CircuitCity,319.61,361.85,207.99
ELEAUHE009,Electra Headphones Air XL,Electronics,Audio,Headphones,Electra,305.84,376.3,230.54
ELEAUHE010,ByteWare Headphones Air 2024,Electronics,Audio,Headphones,ByteWare,266.9,306.26,202.0
ELEAUHE011,Electra Headphones Pro XL,Electronics,Audio,Headphones,Electra,279.04,343.2,212.62
ELEAUHE012,Innovate Headphones Mini X,Electronics,Audio,Headphones,Innovate,341.9,414.95,255.96
ELEAUHE013,ByteWare Headphones Edge Pro,Electronics,Audio,Headphones,ByteWare,251.23,289.68,177.16
ELEAUHE014,ByteWare Headphones Elite X,Electronics,Audio,Headphones,ByteWare,269.27,317.37,214.33
ELEAUSP001,TechPro Speakers Edge 2024,Electronics,Audio,Speakers,TechPro,347.03,436.9,258.43
ELEAUSP002,Innovate Speakers Pro S,Electronics,Audio,Speakers,Innovate,300.31,359.92,221.19
ELEAUSP003,ByteWare Speakers Edge 2025,Electronics,Audio,Speakers,ByteWare,263.42,304.55,199.77
ELEAUSP004,TechPro Speakers Ultra 11,Electronics,Audio,Speakers,TechPro,242.91,275.81,181.41
ELEAUSP005,Electra Speakers Ultra Pro,Electronics,Audio,Speakers,Electra,352.84,452.69,279.84
ELEAUSP006,Electra Speakers Ultra S,Electronics,Audio,Speakers,Electra,284.41,365.66,185.53
ELEAUSP007,Electra Speakers Pro S,Electronics,Audio,Speakers,Electra,291.37,376.66,231.64
ELEAUSP008,TechPro Speakers Edge X,Electronics,Audio,Speakers,TechPro,342.35,402.95,237.65
ELEAUSP009,Innovate Speakers Plus 2025,Electronics,Audio,Speakers,Innovate,342.12,387.94,238.65
ELEAUSP010,Innovate Speakers Max Pro,Electronics,Audio,Speakers,Innovate,306.81,380.2,242.51
ELEAUSP011,Innovate Speakers Plus 10,Electronics,Audio,Speakers,Innovate,308.4,377.17,204.95
ELEAUHO001,TechPro Home Audio Ultra 2024,Electronics,Audio,Home Audio,TechPro,358.79,431.87,240.76
ELEAUHO002,CircuitCity Home Audio Edge X,Electronics,Audio,Home Audio,CircuitCity,345.27,427.93,262.79
ELEAUHO003,Electra Home Audio Ultra 2025,Electronics,Audio,Home Audio,Electra,324.29,375.76,228.27
ELEAUHO004,Innovate Home Audio Max XL,Electronics,Audio,Home Audio,Innovate,337.11,429.28,260.09
ELEAUHO005,CircuitCity Home Audio Smart S,Electronics,Audio,Home Audio,CircuitCity,349.58,419.6,254.04
ELEAUHO006,CircuitCity Home Audio Edge X,Electronics,Audio,Home Audio,CircuitCity,335.78,416.5,251.0
ELEAUHO007,TechPro Home Audio Smart 2024,Electronics,Audio,Home Audio,TechPro,335.48,391.71,262.85
ELEAUHO008,TechPro Home Audio Edge 2025,Electronics,Audio,Home Audio,TechPro,285.06,346.54,189.31
ELEAUHO009,Innovate Home Audio Elite Pro,Electronics,Audio,Home Audio,Innovate,244.3,295.25,175.86
CLOMESH001,Fashionista Shirts Collection,Clothing,Men,Shirts,Fashionista,45.72,50.57,24.63
CLOMESH002,DressRight Shirts Collection,Clothing,Men,Shirts,DressRight,40.74,47.75,23.36
CLOMESH003,ThreadWell Slim Shirts,Clothing,Men,Shirts,ThreadWell,42.53,53.34,22.47
CLOMESH004,Attire Shirts Collection,Clothing,Men,Shirts,Attire,44.31,49.49,24.08
CLOMESH005,StyleX Relaxed Shirts,Clothing,Men,Shirts,StyleX,41.03,49.56,21.73
CLOMESH006,Fashionista Shirts Collection,Clothing,Men,Shirts,Fashionista,52.74,68.3,29.48
CLOMESH007,Fashionista Shirts Collection,Clothing,Men,Shirts,Fashionista,50.32,63.35,25.08
CLOMESH008,DressRight Shirts Collection,Clothing,Men,Shirts,DressRight,45.41,50.66,23.42
CLOMESH009,DressRight Slim Shirts,Clothing,Men,Shirts,DressRight,40.5,51.32,24.07
CLOMESH010,StyleX Athletic Shirts,Clothing,Men,Shirts,StyleX,53.91,61.17,27.57
CLOMESH011,StyleX Shirts Collection,Clothing,Men,Shirts,StyleX,43.12,52.17,21.02
CLOMESH012,DressRight Comfort Shirts,Clothing,Men,Shirts,DressRight,54.28,62.75,29.8
CLOMESH013,Fashionista Relaxed Shirts,Clothing,Men,Shirts,Fashionista,59.09,71.54,33.13
CLOMESH014,ThreadWell Relaxed Shirts,Clothing,Men,Shirts,ThreadWell,52.22,60.03,26.79
CLOMESH015,Fashionista Classic Shirts,Clothing,Men,Shirts,Fashionista,47.11,51.96,26.55
CLOMEPA001,ThreadWell Pants Collection,Clothing,Men,Pants,ThreadWell,42.31,46.89,19.33
CLOMEPA002,DressRight Regular Pants,Clothing,Men,Pants,DressRight,57.1,68.22,31.72
CLOMEPA003,Fashionista Comfort Pants,Clothing,Men,Pants,Fashionista,41.95,50.12,21.97
CLOMEPA004,StyleX Classic Pants,Clothing,Men,Pants,StyleX,43.46,51.26,22.38
CLOMEPA005,ThreadWell Pants Collection,Clothing,Men,Pants,ThreadWell,52.31,58.01,28.52
CLOMEPA006,Fashionista Pants Collection,Clothing,Men,Pants,Fashionista,47.48,57.01,25.82
CLOMEPA007,Fashionista Comfort Pants,Clothing,Men,Pants,Fashionista,57.12,64.69,31.35
CLOMEPA008,StyleX Pants Collection,Clothing,Men,Pants,StyleX,41.4,45.76,22.62
CLOMEPA009,Fashionista Modern Pants,Clothing,Men,Pants,Fashionista,51.71,62.83,30.56
CLOMEPA010,Attire Pants Collection,Clothing,Men,Pants,Attire,47.75,56.91,26.1
CLOMEPA011,ThreadWell Regular Pants,Clothing,Men,Pants,ThreadWell,50.9,59.92,30.09
CLOMEJA001,Fashionista Jackets Collection,Clothing,Men,Jackets,Fashionista,59.21,67.45,34.69
CLOMEJA002,ThreadWell Jackets Collection,Clothing,Men,Jackets,ThreadWell,41.38,45.67,19.25
CLOMEJA003,StyleX Jackets Collection,Clothing,Men,Jackets,StyleX,41.88,46.66,23.14
CLOMEJA004,ThreadWell Jackets Collection,Clothing,Men,Jackets,ThreadWell,46.37,51.22,26.74
CLOMEJA005,DressRight Jackets Collection,Clothing,Men,Jackets,DressRight,56.28,63.24,27.7
CLOMEJA006,StyleX Relaxed Jackets,Clothing,Men,Jackets,StyleX,53.92,68.78,29.35
CLOMEJA007,Fashionista Jackets Collection,Clothing,Men,Jackets,Fashionista,54.69,63.24,31.2
CLOMEJA008,StyleX Athletic Jackets,Clothing,Men,Jackets,StyleX,43.54,54.92,24.5
CLOMEJA009,Attire Jackets Collection,Clothing,Men,Jackets,Attire,59.8,70.23,30.61
CLOMEJA010,ThreadWell Jackets Collection,Clothing,Men,Jackets,ThreadWell,55.52,71.4,27.82
CLOMEUN001,DressRight Comfort Underwear,Clothing,Men,Underwear,DressRight,57.16,71.46,29.4
CLOMEUN002,DressRight Relaxed Underwear,Clothing,Men,Underwear,DressRight,55.08,70.53,25.64
CLOMEUN003,StyleX Underwear Collection,Clothing,Men,Underwear,StyleX,50.1,58.31,28.75
CLOMEUN004,StyleX Relaxed Underwear,Clothing,Men,Underwear,StyleX,57.9,63.81,29.43
CLOMEUN005,Attire Classic Underwear,Clothing,Men,Underwear,Attire,58.1,67.62,26.94
CLOMEUN006,ThreadWell Underwear Collection,Clothing,Men,Underwear,ThreadWell,58.99,71.65,34.96
CLOMEUN007,StyleX Underwear Collection,Clothing,Men,Underwear,StyleX,52.63,60.97,27.22
CLOMEUN008,DressRight Underwear Collection,Clothing,Men,Underwear,DressRight,46.56,58.23,25.65
CLOMEUN009,Attire Underwear Collection,Clothing,Men,Underwear,Attire,55.82,62.42,31.73
CLOMEUN010,Attire Underwear Collection,Clothing,Men,Underwear,Attire,49.88,60.35,22.88
CLOMEUN011,DressRight Regular Underwear,Clothing,Men,Underwear,DressRight,48.82,57.13,28.47
CLOMEUN012,Attire Underwear Collection,Clothing,Men,Underwear,Attire,42.33,53.01,19.96
CLOMEUN013,Fashionista Underwear Collection,Clothing,Men,Underwear,Fashionista,52.35,58.47,24.35
CLOMEUN014,Attire Relaxed Underwear,Clothing,Men,Underwear,Attire,54.01,68.29,24.89
CLOMEUN015,ThreadWell Comfort Underwear,Clothing,Men,Underwear,ThreadWell,54.11,60.44,25.01
CLOMEUN016,DressRight Underwear Collection,Clothing,Men,Underwear,DressRight,59.72,70.12,30.23
CLOMEUN017,Attire Underwear Collection,Clothing,Men,Underwear,Attire,56.24,72.96,33.3
CLOMEUN018,Attire Athletic Underwear,Clothing,Men,Underwear,Attire,55.06,61.48,27.88
CLOMEUN019,Attire Classic Underwear,Clothing,Men,Underwear,Attire,55.53,65.8,29.64
CLOWODR001,ThreadWell Dresses Collection,Clothing,Women,Dresses,ThreadWell,58.12,69.65,27.12
CLOWODR002,StyleX Classic Dresses,Clothing,Women,Dresses,StyleX,40.22,44.69,20.93
CLOWODR003,ThreadWell Modern Dresses,Clothing,Women,Dresses,ThreadWell,42.37,52.11,19.81
CLOWODR004,Fashionista Slim Dresses,Clothing,Women,Dresses,Fashionista,54.91,70.97,29.51
CLOWODR005,StyleX Comfort Dresses,Clothing,Women,Dresses,StyleX,47.49,60.49,23.4
CLOWODR006,DressRight Comfort Dresses,Clothing,Women,Dresses,DressRight,44.46,49.02,26.43
CLOWODR007,Attire Classic Dresses,Clothing,Women,Dresses,Attire,59.39,75.91,27.11
CLOWODR008,Attire Dresses Collection,Clothing,Women,Dresses,Attire,50.54,56.34,30.27
CLOWODR009,Attire Regular Dresses,Clothing,Women,Dresses,Attire,51.07,61.52,30.4
CLOWODR010,StyleX Modern Dresses,Clothing,Women,Dresses,StyleX,52.58,62.61,29.15
CLOWODR011,Attire Regular Dresses,Clothing,Women,Dresses,Attire,52.54,67.26,28.25
CLOWOTO001,Attire Athletic Tops,Clothing,Women,Tops,Attire,40.9,52.77,20.13
CLOWOTO002,Fashionista Comfort Tops,Clothing,Women,Tops,Fashionista,57.79,70.74,29.96
CLOWOTO003,Fashionista Tops Collection,Clothing,Women,Tops,Fashionista,45.54,54.32,21.78
CLOWOTO004,DressRight Tops Collection,Clothing,Women,Tops,DressRight,47.06,52.49,25.3
CLOWOTO005,Attire Tops Collection,Clothing,Women,Tops,Attire,59.48,73.73,35.56
CLOWOTO006,DressRight Tops Collection,Clothing,Women,Tops,DressRight,50.71,64.04,25.17
CLOWOTO007,Fashionista Tops Collection,Clothing,Women,Tops,Fashionista,53.68,68.83,25.47
CLOWOTO008,Attire Tops Collection,Clothing,Women,Tops,Attire,56.44,70.28,33.44
CLOWOTO009,Fashionista Tops Collection,Clothing,Women,Tops,Fashionista,52.26,67.23,26.79
CLOWOTO010,DressRight Tops Collection,Clothing,Women,Tops,DressRight,57.31,63.34,26.18
CLOWOTO011,Fashionista Tops Collection,Clothing,Women,Tops,Fashionista,47.52,61.65,27.16
CLOWOTO012,Attire Classic Tops,Clothing,Women,Tops,Attire,43.0,50.58,23.18
CLOWOTO013,ThreadWell Relaxed Tops,Clothing,Women,Tops,ThreadWell,59.39,75.28,34.23
CLOWOTO014,ThreadWell Tops Collection,Clothing,Women,Tops,ThreadWell,49.36,57.0,25.29
CLOWOTO015,DressRight Regular Tops,Clothing,Women,Tops,DressRight,41.12,51.92,23.84
CLOWOTO016,Fashionista Comfort Tops,Clothing,Women,Tops,Fashionista,59.98,72.64,35.96
CLOWOTO017,Fashionista Slim Tops,Clothing,Women,Tops,Fashionista,55.37,70.31,32.76
CLOWOTO018,Attire Tops Collection,Clothing,Women,Tops,Attire,44.94,50.59,23.26
CLOWOBO001,DressRight Bottoms Collection,Clothing,Women,Bottoms,DressRight,59.07,67.68,31.95
CLOWOBO002,Attire Regular Bottoms,Clothing,Women,Bottoms,Attire,53.42,62.59,28.99
CLOWOBO003,Attire Bottoms Collection,Clothing,Women,Bottoms,Attire,42.26,50.89,23.28
CLOWOBO004,DressRight Modern Bottoms,Clothing,Women,Bottoms,DressRight,55.44,70.43,29.27
CLOWOBO005,DressRight Bottoms Collection,Clothing,Women,Bottoms,DressRight,51.03,65.08,27.26
CLOWOBO006,Attire Relaxed Bottoms,Clothing,Women,Bottoms,Attire,48.06,53.14,22.59
CLOWOBO007,ThreadWell Bottoms Collection,Clothing,Women,Bottoms,ThreadWell,55.09,68.36,29.92
CLOWOBO008,Attire Comfort Bottoms,Clothing,Women,Bottoms,Attire,44.25,48.8,20.82
CLOWOBO009,Fashionista Bottoms Collection,Clothing,Women,Bottoms,Fashionista,47.0,55.39,25.31
CLOWOBO010,Attire Bottoms Collection,Clothing,Women,Bottoms,Attire,48.74,57.01,28.54
CLOWOBO011,StyleX Bottoms Collection,Clothing,Women,Bottoms,StyleX,50.27,59.28,28.53
CLOWOBO012,ThreadWell Bottoms Collection,Clothing,Women,Bottoms,ThreadWell,52.43,67.63,30.38
CLOWOBO013,Fashionista Bottoms Collection,Clothing,Women,Bottoms,Fashionista,42.93,51.45,25.29
CLOWOBO014,Fashionista Comfort Bottoms,Clothing,Women,Bottoms,Fashionista,45.16,58.52,23.43
CLOWOBO015,DressRight Slim Bottoms,Clothing,Women,Bottoms,DressRight,49.84,61.14,24.89
CLOWOOU001,Attire Modern Outerwear,Clothing,Women,Outerwear,Attire,44.79,50.43,20.67
CLOWOOU002,Attire Slim Outerwear,Clothing,Women,Outerwear,Attire,42.55,47.99,20.12
CLOWOOU003,ThreadWell Outerwear Collection,Clothing,Women,Outerwear,ThreadWell,52.81,61.74,25.2
CLOWOOU004,ThreadWell Comfort Outerwear,Clothing,Women,Outerwear,ThreadWell,57.92,71.45,30.18
CLOWOOU005,ThreadWell Outerwear Collection,Clothing,Women,Outerwear,ThreadWell,43.44,48.14,20.8
CLOWOOU006,Attire Outerwear Collection,Clothing,Women,Outerwear,Attire,43.37,49.24,21.33
CLOWOOU007,Attire Outerwear Collection,Clothing,Women,Outerwear,Attire,41.77,49.79,19.55
CLOWOOU008,StyleX Outerwear Collection,Clothing,Women,Outerwear,StyleX,44.12,52.97,22.26
CLOWOOU009,StyleX Relaxed Outerwear,Clothing,Women,Outerwear,StyleX,53.8,67.78,24.53
CLOWOOU010,Fashionista Modern Outerwear,Clothing,Women,Outerwear,Fashionista,52.55,66.98,24.29
CLOWOOU011,StyleX Regular Outerwear,Clothing,Women,Outerwear,StyleX,58.41,67.48,26.82
CLOWOOU012,Fashionista Athletic Outerwear,Clothing,Women,Outerwear,Fashionista,56.11,63.79,31.55
CLOWOOU013,Fashionista Regular Outerwear,Clothing,Women,Outerwear,Fashionista,44.18,52.88,22.34
CLOWOOU014,Attire Athletic Outerwear,Clothing,Women,Outerwear,Attire,52.35,62.43,26.46
CLOWOOU015,Fashionista Outerwear Collection,Clothing,Women,Outerwear,Fashionista,54.94,63.21,25.02
CLOWOOU016,ThreadWell Outerwear Collection,Clothing,Women,Outerwear,ThreadWell,54.26,65.23,31.7
CLOWOOU017,Fashionista Modern Outerwear,Clothing,Women,Outerwear,Fashionista,50.63,60.23,23.6
CLOWOOU018,Fashionista Outerwear Collection,Clothing,Women,Outerwear,Fashionista,50.64,58.43,24.63
CLOWOOU019,StyleX Relaxed Outerwear,Clothing,Women,Outerwear,StyleX,47.54,55.35,21.53
CLOWOOU020,DressRight Outerwear Collection,Clothing,Women,Outerwear,DressRight,44.22,49.7,22.07
CLOCHBO001,Fashionista Athletic Boys,Clothing,Children,Boys,Fashionista,57.8,71.43,31.16
CLOCHBO002,Fashionista Classic Boys,Clothing,Children,Boys,Fashionista,55.77,62.32,29.27
CLOCHBO003,ThreadWell Modern Boys,Clothing,Children,Boys,ThreadWell,50.73,63.37,27.3
CLOCHBO004,DressRight Relaxed Boys,Clothing,Children,Boys,DressRight,48.62,56.25,22.81
CLOCHBO005,DressRight Boys Collection,Clothing,Children,Boys,DressRight,47.25,57.37,25.84
CLOCHBO006,ThreadWell Athletic Boys,Clothing,Children,Boys,ThreadWell,47.11,57.53,28.17
CLOCHBO007,ThreadWell Modern Boys,Clothing,Children,Boys,ThreadWell,44.74,50.58,20.81
CLOCHBO008,Attire Boys Collection,Clothing,Children,Boys,Attire,44.91,51.08,21.29
CLOCHBO009,StyleX Boys Collection,Clothing,Children,Boys,StyleX,45.69,58.46,21.75
CLOCHBO010,ThreadWell Boys Collection,Clothing,Children,Boys,ThreadWell,41.6,49.17,21.99
CLOCHBO011,Fashionista Boys Collection,Clothing,Children,Boys,Fashionista,59.64,70.34,27.84
CLOCHBO012,Fashionista Boys Collection,Clothing,Children,Boys,Fashionista,59.38,75.02,34.43
CLOCHBO013,DressRight Boys Collection,Clothing,Children,Boys,DressRight,45.15,55.7,21.47
CLOCHBO014,Attire Boys Collection,Clothing,Children,Boys,Attire,58.58,71.13,31.25
CLOCHBO015,DressRight Boys Collection,Clothing,Children,Boys,DressRight,45.59,51.85,25.78
CLOCHBO016,ThreadWell Modern Boys,Clothing,Children,Boys,ThreadWell,46.46,55.83,23.87
CLOCHGI001,ThreadWell Girls Collection,Clothing,Children,Girls,ThreadWell,44.84,54.8,20.95
CLOCHGI002,Fashionista Girls Collection,Clothing,Children,Girls,Fashionista,45.76,51.75,24.58
CLOCHGI003,DressRight Girls Collection,Clothing,Children,Girls,DressRight,49.61,55.09,26.29
CLOCHGI004,ThreadWell Comfort Girls,Clothing,Children,Girls,ThreadWell,46.72,51.99,21.97
CLOCHGI005,ThreadWell Comfort Girls,Clothing,Children,Girls,ThreadWell,59.79,75.45,29.8
CLOCHGI006,Fashionista Girls Collection,Clothing,Children,Girls,Fashionista,45.08,56.45,24.9
CLOCHGI007,ThreadWell Girls Collection,Clothing,Children,Girls,ThreadWell,51.9,61.37,27.03
CLOCHGI008,ThreadWell Girls Collection,Clothing,Children,Girls,ThreadWell,46.97,59.47,27.68
CLOCHGI009,DressRight Athletic Girls,Clothing,Children,Girls,DressRight,59.29,73.88,27.79
CLOCHGI010,Fashionista Regular Girls,Clothing,Children,Girls,Fashionista,58.76,65.41,28.04
CLOCHGI011,Attire Girls Collection,Clothing,Children,Girls,Attire,54.81,69.52,29.39
CLOCHIN001,Fashionista Infants Collection,Clothing,Children,Infants,Fashionista,42.79,48.79,24.36
CLOCHIN002,Attire Infants Collection,Clothing,Children,Infants,Attire,43.26,54.64,20.54
CLOCHIN003,StyleX Relaxed Infants,Clothing,Children,Infants,StyleX,53.29,62.45,28.16
CLOCHIN004,Fashionista Infants Collection,Clothing,Children,Infants,Fashionista,57.53,72.68,29.28
CLOCHIN005,Fashionista Infants Collection,Clothing,Children,Infants,Fashionista,48.77,58.16,24.71
CLOCHIN006,DressRight Infants Collection,Clothing,Children,Infants,DressRight,46.02,55.25,25.87
CLOCHIN007,Attire Infants Collection,Clothing,Children,Infants,Attire,44.64,52.53,26.11
CLOCHIN008,Attire Infants Collection,Clothing,Children,Infants,Attire,50.86,62.3,29.8
CLOCHIN009,ThreadWell Infants Collection,Clothing,Children,Infants,ThreadWell,42.33,51.88,25.02
CLOCHIN010,ThreadWell Infants Collection,Clothing,Children,Infants,ThreadWell,46.69,58.77,21.99
CLOCHIN011,ThreadWell Slim Infants,Clothing,Children,Infants,ThreadWell,52.39,67.0,27.77
CLOCHIN012,Fashionista Infants Collection,Clothing,Children,Infants,Fashionista,55.76,64.81,26.36
CLOCHIN013,StyleX Regular Infants,Clothing,Children,Infants,StyleX,44.96,49.76,25.25
CLOCHIN014,Fashionista Infants Collection,Clothing,Children,Infants,Fashionista,51.39,65.54,29.0
CLOCHIN015,ThreadWell Infants Collection,Clothing,Children,Infants,ThreadWell,46.83,52.55,26.84
CLOCHIN016,StyleX Relaxed Infants,Clothing,Children,Infants,StyleX,56.92,67.13,26.7
CLOCHIN017,Fashionista Infants Collection,Clothing,Children,Infants,Fashionista,55.93,64.09,26.43
CLOCHIN018,Fashionista Infants Collection,Clothing,Children,Infants,Fashionista,54.43,66.86,30.37
HOMAPSM001,HomeStyle Essential Small Appliances,Home & Kitchen,Appliances,Small Appliances,HomeStyle,86.2,99.16,52.45
HOMAPSM002,HomeMaker Professional Small Appliances,Home & Kitchen,Appliances,Small Appliances,HomeMaker,75.05,96.19,40.25
HOMAPSM003,KitchenPlus Premium Small Appliances,Home & Kitchen,Appliances,Small Appliances,KitchenPlus,82.66,98.56,47.96
HOMAPSM004,HomeMaker Professional Small Appliances,Home & Kitchen,Appliances,Small Appliances,HomeMaker,94.3,114.79,50.04
HOMAPSM005,CookEasy Compact Small Appliances,Home & Kitchen,Appliances,Small Appliances,CookEasy,80.18,88.49,49.89
HOMAPSM006,DwellWell Essential Small Appliances 12-Piece,Home & Kitchen,Appliances,Small Appliances,DwellWell,91.9,111.47,63.08
HOMAPSM007,CookEasy Professional Small Appliances Set,Home & Kitchen,Appliances,Small Appliances,CookEasy,86.28,107.11,59.06
HOMAPSM008,CookEasy Professional Small Appliances 8-Piece,Home & Kitchen,Appliances,Small Appliances,CookEasy,68.87,84.12,42.37
HOMAPMA001,HomeStyle Deluxe Major Appliances 8-Piece,Home & Kitchen,Appliances,Major Appliances,HomeStyle,77.56,99.81,50.21
HOMAPMA002,HomeMaker Multi-Use Major Appliances,Home & Kitchen,Appliances,Major Appliances,HomeMaker,93.61,105.09,55.24
HOMAPMA003,HomeStyle Multi-Use Major Appliances Mini,Home & Kitchen,Appliances,Major Appliances,HomeStyle,95.5,107.43,63.77
HOMAPMA004,HomeStyle Compact Major Appliances,Home & Kitchen,Appliances,Major Appliances,HomeStyle,93.46,112.5,62.99
HOMAPMA005,CookEasy Deluxe Major Appliances,Home & Kitchen,Appliances,Major Appliances,CookEasy,82.91,92.11,48.07
HOMAPMA006,DwellWell Multi-Use Major Appliances Pro,Home & Kitchen,Appliances,Major Appliances,DwellWell,74.72,82.26,49.36
HOMAPMA007,HomeMaker Essential Major Appliances 12-Piece,Home & Kitchen,Appliances,Major Appliances,HomeMaker,74.66,90.15,43.28
HOMAPMA008,HomeMaker Essential Major Appliances 8-Piece,Home & Kitchen,Appliances,Major Appliances,HomeMaker,93.42,109.25,53.18
HOMAPMA009,HomeStyle Professional Major Appliances 6-Piece,Home & Kitchen,Appliances,Major Appliances,HomeStyle,87.59,100.28,51.72
HOMAPSP001,CookEasy Premium Specialty,Home & Kitchen,Appliances,Specialty,CookEasy,78.47,89.08,41.44
HOMAPSP002,DwellWell Professional Specialty 12-Piece,Home & Kitchen,Appliances,Specialty,DwellWell,79.94,102.56,46.67
HOMAPSP003,DwellWell Premium Specialty,Home & Kitchen,Appliances,Specialty,DwellWell,75.59,92.7,46.57
HOMAPSP004,HomeMaker Premium Specialty 12-Piece,Home & Kitchen,Appliances,Specialty,HomeMaker,64.41,73.15,40.75
HOMAPSP005,HomeStyle Premium Specialty Set,Home & Kitchen,Appliances,Specialty,HomeStyle,94.74,112.07,50.19
HOMAPSP006,HomeMaker Multi-Use Specialty XL,Home & Kitchen,Appliances,Specialty,HomeMaker,66.72,80.1,46.66
HOMAPSP007,KitchenPlus Deluxe Specialty 6-Piece,Home & Kitchen,Appliances,Specialty,KitchenPlus,83.04,103.8,42.64
HOMAPSP008,HomeMaker Essential Specialty,Home & Kitchen,Appliances,Specialty,HomeMaker,70.71,80.68,48.05
HOMAPSP009,HomeStyle Premium Specialty,Home & Kitchen,Appliances,Specialty,HomeStyle,70.09,83.72,35.56
HOMAPSP010,CookEasy Professional Specialty,Home & Kitchen,Appliances,Specialty,CookEasy,82.06,103.0,42.11
HOMAPSP011,DwellWell Premium Specialty,Home & Kitchen,Appliances,Specialty,DwellWell,78.5,93.26,47.48
HOMCOPO001,HomeStyle Multi-Use Pots & Pans,Home & Kitchen,Cookware,Pots & Pans,HomeStyle,76.81,86.88,47.01
HOMCOPO002,CookEasy Professional Pots & Pans Set,Home & Kitchen,Cookware,Pots & Pans,CookEasy,69.81,90.0,46.94
HOMCOPO003,DwellWell Multi-Use Pots & Pans,Home & Kitchen,Cookware,Pots & Pans,DwellWell,75.94,93.31,42.08
HOMCOPO004,HomeMaker Professional Pots & Pans XL,Home & Kitchen,Cookware,Pots & Pans,HomeMaker,77.07,87.18,38.93
HOMCOPO005,HomeStyle Multi-Use Pots & Pans Mini,Home & Kitchen,Cookware,Pots & Pans,HomeStyle,86.9,96.06,54.9
HOMCOPO006,DwellWell Multi-Use Pots & Pans Mini,Home & Kitchen,Cookware,Pots & Pans,DwellWell,71.09,87.76,38.83
HOMCOPO007,KitchenPlus Compact Pots & Pans,Home & Kitchen,Cookware,Pots & Pans,KitchenPlus,64.62,81.42,33.66
HOMCOPO008,DwellWell Essential Pots & Pans,Home & Kitchen,Cookware,Pots & Pans,DwellWell,69.7,80.0,43.95
HOMCOPO009,CookEasy Professional Pots & Pans,Home & Kitchen,Cookware,Pots & Pans,CookEasy,67.17,83.59,36.85
HOMCOPO010,DwellWell Compact Pots & Pans,Home & Kitchen,Cookware,Pots & Pans,DwellWell,91.37,107.77,60.86
HOMCOBA001,HomeMaker Essential Bakeware,Home & Kitchen,Cookware,Bakeware,HomeMaker,85.37,98.91,46.18
HOMCOBA002,CookEasy Premium Bakeware,Home & Kitchen,Cookware,Bakeware,CookEasy,92.67,103.52,46.58
HOMCOBA003,DwellWell Premium Bakeware,Home & Kitchen,Cookware,Bakeware,DwellWell,70.64,80.27,35.7
HOMCOBA004,HomeStyle Professional Bakeware,Home & Kitchen,Cookware,Bakeware,HomeStyle,82.65,105.67,48.29
HOMCOBA005,HomeMaker Deluxe Bakeware,Home & Kitchen,Cookware,Bakeware,HomeMaker,90.15,103.84,51.24
HOMCOBA006,DwellWell Professional Bakeware,Home & Kitchen,Cookware,Bakeware,DwellWell,76.14,87.84,47.06
HOMCOBA007,HomeStyle Professional Bakeware,Home & Kitchen,Cookware,Bakeware,HomeStyle,83.96,101.63,48.86
HOMCOBA008,CookEasy Professional Bakeware Pro,Home & Kitchen,Cookware,Bakeware,CookEasy,77.95,100.53,43.56
HOMCOBA009,DwellWell Multi-Use Bakeware,Home & Kitchen,Cookware,Bakeware,DwellWell,88.42,112.63,46.69
HOMCOBA010,CookEasy Professional Bakeware 12-Piece,Home & Kitchen,Cookware,Bakeware,CookEasy,79.59,100.28,54.03
HOMCOUT001,KitchenPlus Deluxe Utensils,Home & Kitchen,Cookware,Utensils,KitchenPlus,77.6,89.53,39.15
HOMCOUT002,CookEasy Professional Utensils XL,Home & Kitchen,Cookware,Utensils,CookEasy,81.32,93.65,50.96
HOMCOUT003,HomeStyle Essential Utensils 12-Piece,Home & Kitchen,Cookware,Utensils,HomeStyle,68.45,88.77,45.66
HOMCOUT004,HomeStyle Professional Utensils,Home & Kitchen,Cookware,Utensils,HomeStyle,80.81,93.29,43.18
HOMCOUT005,HomeMaker Essential Utensils Set,Home & Kitchen,Cookware,Utensils,HomeMaker,64.58,72.56,44.1
HOMCOUT006,HomeMaker Premium Utensils Set,Home & Kitchen,Cookware,Utensils,HomeMaker,82.44,99.82,45.74
HOMCOUT007,DwellWell Multi-Use Utensils,Home & Kitchen,Cookware,Utensils,DwellWell,84.83,96.82,56.5
HOMCOUT008,CookEasy Compact Utensils,Home & Kitchen,Cookware,Utensils,CookEasy,64.34,82.36,33.93
HOMCOUT009,KitchenPlus Compact Utensils Set,Home & Kitchen,Cookware,Utensils,KitchenPlus,91.95,112.19,56.96
HOMCOUT010,KitchenPlus Multi-Use Utensils Mini,Home & Kitchen,Cookware,Utensils,KitchenPlus,85.27,109.39,45.63
HOMCOUT011,HomeMaker Deluxe Utensils,Home & Kitchen,Cookware,Utensils,HomeMaker,77.39,93.16,44.63
HOMCOUT012,DwellWell Multi-Use Utensils,Home & Kitchen,Cookware,Utensils,DwellWell,65.49,81.71,34.93
HOMFULI001,DwellWell Premium Living Room,Home & Kitchen,Furniture,Living Room,DwellWell,66.64,76.58,41.36
HOMFULI002,HomeStyle Multi-Use Living Room,Home & Kitchen,Furniture,Living Room,HomeStyle,76.45,89.53,42.64
HOMFULI003,KitchenPlus Compact Living Room,Home & Kitchen,Furniture,Living Room,KitchenPlus,87.0,105.55,48.67
HOMFULI004,DwellWell Deluxe Living Room,Home & Kitchen,Furniture,Living Room,DwellWell,79.22,101.99,50.13
HOMFULI005,CookEasy Deluxe Living Room XL,Home & Kitchen,Furniture,Living Room,CookEasy,87.43,96.72,47.47
HOMFULI006,KitchenPlus Multi-Use Living Room,Home & Kitchen,Furniture,Living Room,KitchenPlus,72.38,80.37,44.81
HOMFULI007,KitchenPlus Compact Living Room 12-Piece,Home & Kitchen,Furniture,Living Room,KitchenPlus,79.87,93.2,49.47
HOMFULI008,CookEasy Premium Living Room,Home & Kitchen,Furniture,Living Room,CookEasy,88.66,98.86,46.22
HOMFUBE001,KitchenPlus Compact Bedroom 8-Piece,Home & Kitchen,Furniture,Bedroom,KitchenPlus,87.29,108.04,52.3
HOMFUBE002,HomeStyle Multi-Use Bedroom,Home & Kitchen,Furniture,Bedroom,HomeStyle,77.9,98.46,42.79
HOMFUBE003,HomeMaker Compact Bedroom Pro,Home & Kitchen,Furniture,Bedroom,HomeMaker,89.57,103.4,57.23
HOMFUBE004,CookEasy Professional Bedroom Set,Home & Kitchen,Furniture,Bedroom,CookEasy,82.88,92.68,47.42
HOMFUBE005,KitchenPlus Professional Bedroom,Home & Kitchen,Furniture,Bedroom,KitchenPlus,93.34,120.42,49.23
HOMFUBE006,DwellWell Deluxe Bedroom,Home & Kitchen,Furniture,Bedroom,DwellWell,78.26,94.57,42.03
HOMFUBE007,HomeMaker Deluxe Bedroom,Home & Kitchen,Furniture,Bedroom,HomeMaker,91.92,115.94,59.42
HOMFUBE008,DwellWell Premium Bedroom,Home & Kitchen,Furniture,Bedroom,DwellWell,85.07,108.03,54.31
HOMFUBE009,HomeStyle Professional Bedroom 8-Piece,Home & Kitchen,Furniture,Bedroom,HomeStyle,71.98,82.36,43.04
HOMFUBE010,DwellWell Essential Bedroom Set,Home & Kitchen,Furniture,Bedroom,DwellWell,95.59,105.91,65.85
HOMFUBE011,HomeMaker Premium Bedroom Set,Home & Kitchen,Furniture,Bedroom,HomeMaker,86.57,98.35,59.3
HOMFUDI001,DwellWell Professional Dining 12-Piece,Home & Kitchen,Furniture,Dining,DwellWell,82.16,90.94,56.13
HOMFUDI002,HomeMaker Deluxe Dining,Home & Kitchen,Furniture,Dining,HomeMaker,86.31,110.89,48.29
HOMFUDI003,DwellWell Compact Dining 8-Piece,Home & Kitchen,Furniture,Dining,DwellWell,95.06,113.58,65.48
HOMFUDI004,HomeStyle Compact Dining 8-Piece,Home & Kitchen,Furniture,Dining,HomeStyle,91.57,106.58,61.25
HOMFUDI005,KitchenPlus Professional Dining,Home & Kitchen,Furniture,Dining,KitchenPlus,90.51,110.36,45.93
HOMFUDI006,HomeStyle Premium Dining Set,Home & Kitchen,Furniture,Dining,HomeStyle,71.35,79.58,37.4
HOMFUDI007,HomeStyle Essential Dining Set,Home & Kitchen,Furniture,Dining,HomeStyle,86.27,107.4,49.0
HOMFUDI008,DwellWell Compact Dining,Home & Kitchen,Furniture,Dining,DwellWell,66.08,79.82,37.21
HOMFUDI009,HomeMaker Compact Dining,Home & Kitchen,Furniture,Dining,HomeMaker,89.29,109.4,50.34
SPOFIEQ001,SportsGear Pro Equipment,Sports,Fitness,Equipment,SportsGear,103.88,119.11,61.54
SPOFIEQ002,FitZone Performance Equipment,Sports,Fitness,Equipment,FitZone,72.87,80.47,45.95
SPOFIEQ003,OutdoorEdge Performance Equipment,Sports,Fitness,Equipment,OutdoorEdge,103.48,133.26,59.95
SPOFIEQ004,FitZone Sport Equipment,Sports,Fitness,Equipment,FitZone,100.75,117.89,65.45
SPOFIEQ005,ActiveLife Active Equipment,Sports,Fitness,Equipment,ActiveLife,99.61,119.13,55.81
SPOFIEQ006,ActiveLife Elite Equipment,Sports,Fitness,Equipment,ActiveLife,94.58,122.65,59.68
SPOFIEQ007,FitZone Active Equipment,Sports,Fitness,Equipment,FitZone,99.65,118.01,56.07
SPOFIEQ008,AthletePro Elite Equipment,Sports,Fitness,Equipment,AthletePro,98.54,110.57,52.8
SPOFIEQ009,FitZone Endurance Equipment,Sports,Fitness,Equipment,FitZone,84.76,98.26,46.03
SPOFIEQ010,ActiveLife Endurance Equipment,Sports,Fitness,Equipment,ActiveLife,80.4,88.73,40.71
SPOFIAP001,ActiveLife Pro Apparel,Sports,Fitness,Apparel,ActiveLife,107.55,126.57,60.67
SPOFIAP002,FitZone Performance Apparel,Sports,Fitness,Apparel,FitZone,96.46,124.43,51.39
SPOFIAP003,AthletePro Endurance Apparel,Sports,Fitness,Apparel,AthletePro,100.3,118.7,51.49
SPOFIAP004,AthletePro Endurance Apparel,Sports,Fitness,Apparel,AthletePro,103.64,123.69,66.5
SPOFIAP005,FitZone Performance Apparel,Sports,Fitness,Apparel,FitZone,94.07,122.13,49.39
SPOFIAP006,SportsGear Endurance Apparel,Sports,Fitness,Apparel,SportsGear,80.33,98.8,51.53
SPOFIAP007,ActiveLife Elite Apparel,Sports,Fitness,Apparel,ActiveLife,93.87,107.59,54.15
SPOFIAP008,SportsGear Endurance Apparel,Sports,Fitness,Apparel,SportsGear,78.35,89.1,41.76
SPOFISU001,SportsGear Sport Supplements,Sports,Fitness,Supplements,SportsGear,100.05,111.22,55.28
SPOFISU002,AthletePro Sport Supplements,Sports,Fitness,Supplements,AthletePro,106.88,137.39,67.61
SPOFISU003,AthletePro Performance Supplements,Sports,Fitness,Supplements,AthletePro,107.8,127.13,56.71
SPOFISU004,FitZone Pro Supplements,Sports,Fitness,Supplements,FitZone,99.29,112.27,60.01
SPOFISU005,OutdoorEdge Performance Supplements,Sports,Fitness,Supplements,OutdoorEdge,101.36,116.03,54.09
SPOFISU006,SportsGear Pro Supplements,Sports,Fitness,Supplements,SportsGear,91.32,111.05,53.78
SPOFISU007,ActiveLife Performance Supplements,Sports,Fitness,Supplements,ActiveLife,75.29,86.81,47.55
SPOFISU008,FitZone Elite Supplements,Sports,Fitness,Supplements,FitZone,76.65,98.97,48.55
SPOTEBA001,SportsGear Endurance Basketball,Sports,Team Sports,Basketball,SportsGear,103.03,126.83,64.02
SPOTEBA002,ActiveLife Endurance Basketball,Sports,Team Sports,Basketball,ActiveLife,91.82,108.5,47.11
SPOTEBA003,OutdoorEdge Performance Basketball,Sports,Team Sports,Basketball,OutdoorEdge,85.41,106.31,46.03
SPOTEBA004,SportsGear Performance Basketball,Sports,Team Sports,Basketball,SportsGear,89.84,102.78,46.01
SPOTEBA005,FitZone Performance Basketball,Sports,Team Sports,Basketball,FitZone,96.59,122.69,49.4
SPOTEBA006,ActiveLife Pro Basketball,Sports,Team Sports,Basketball,ActiveLife,89.82,109.44,51.38
SPOTEBA007,FitZone Pro Basketball,Sports,Team Sports,Basketball,FitZone,101.68,125.63,56.14
SPOTESO001,SportsGear Sport Soccer,Sports,Team Sports,Soccer,SportsGear,92.36,117.82,49.88
SPOTESO002,FitZone Endurance Soccer,Sports,Team Sports,Soccer,FitZone,100.7,127.9,60.29
SPOTESO003,ActiveLife Pro Soccer,Sports,Team Sports,Soccer,ActiveLife,103.21,130.81,62.57
SPOTESO004,FitZone Pro Soccer,Sports,Team Sports,Soccer,FitZone,97.1,118.82,58.46
SPOTESO005,ActiveLife Endurance Soccer,Sports,Team Sports,Soccer,ActiveLife,99.09,126.45,51.9
SPOTESO006,AthletePro Active Soccer,Sports,Team Sports,Soccer,AthletePro,103.37,130.79,52.14
SPOTESO007,ActiveLife Sport Soccer,Sports,Team Sports,Soccer,ActiveLife,76.63,95.69,42.17
SPOTEBA001,OutdoorEdge Active Baseball,Sports,Team Sports,Baseball,OutdoorEdge,77.78,98.5,48.43
SPOTEBA002,ActiveLife Pro Baseball,Sports,Team Sports,Baseball,ActiveLife,90.26,104.47,45.22
SPOTEBA003,SportsGear Active Baseball,Sports,Team Sports,Baseball,SportsGear,94.2,115.52,60.96
SPOTEBA004,AthletePro Endurance Baseball,Sports,Team Sports,Baseball,AthletePro,81.34,98.26,48.41
SPOTEBA005,OutdoorEdge Performance Baseball,Sports,Team Sports,Baseball,OutdoorEdge,100.06,125.3,51.64
SPOTEBA006,OutdoorEdge Elite Baseball,Sports,Team Sports,Baseball,OutdoorEdge,91.48,106.88,58.95
SPOTEBA007,AthletePro Sport Baseball,Sports,Team Sports,Baseball,AthletePro,94.76,106.18,60.63
SPOTEBA008,FitZone Sport Baseball,Sports,Team Sports,Baseball,FitZone,105.73,117.74,63.77
SPOOUHI001,FitZone Pro Hiking,Sports,Outdoor,Hiking,FitZone,82.83,92.22,50.21
SPOOUHI002,SportsGear Pro Hiking,Sports,Outdoor,Hiking,SportsGear,92.95,113.79,51.3
SPOOUHI003,AthletePro Performance Hiking,Sports,Outdoor,Hiking,AthletePro,73.64,95.34,46.45
SPOOUHI004,FitZone Pro Hiking,Sports,Outdoor,Hiking,FitZone,106.87,120.33,65.45
SPOOUHI005,AthletePro Elite Hiking,Sports,Outdoor,Hiking,AthletePro,99.29,109.65,50.01
SPOOUHI006,OutdoorEdge Elite Hiking,Sports,Outdoor,Hiking,OutdoorEdge,83.64,104.89,47.95
SPOOUHI007,FitZone Active Hiking,Sports,Outdoor,Hiking,FitZone,96.59,111.53,54.75
SPOOUHI008,ActiveLife Sport Hiking,Sports,Outdoor,Hiking,ActiveLife,107.88,128.41,60.84
SPOOUCA001,FitZone Endurance Camping,Sports,Outdoor,Camping,FitZone,77.88,96.48,48.23
SPOOUCA002,SportsGear Active Camping,Sports,Outdoor,Camping,SportsGear,79.94,98.81,40.96
SPOOUCA003,AthletePro Active Camping,Sports,Outdoor,Camping,AthletePro,95.55,123.28,51.69
SPOOUCA004,OutdoorEdge Active Camping,Sports,Outdoor,Camping,OutdoorEdge,77.43,99.79,43.74
SPOOUCA005,ActiveLife Pro Camping,Sports,Outdoor,Camping,ActiveLife,87.1,102.74,51.89
SPOOUCA006,ActiveLife Elite Camping,Sports,Outdoor,Camping,ActiveLife,81.86,96.75,53.01
SPOOUCA007,FitZone Active Camping,Sports,Outdoor,Camping,FitZone,104.18,119.03,55.68
SPOOUCA008,SportsGear Performance Camping,Sports,Outdoor,Camping,SportsGear,73.11,85.81,43.7
SPOOUCA009,AthletePro Sport Camping,Sports,Outdoor,Camping,AthletePro,103.11,133.38,58.87
SPOOUCA010,ActiveLife Endurance Camping,Sports,Outdoor,Camping,ActiveLife,78.67,98.76,49.59
SPOOUWA001,AthletePro Active Water Sports,Sports,Outdoor,Water Sports,AthletePro,99.74,124.9,62.51
SPOOUWA002,ActiveLife Elite Water Sports,Sports,Outdoor,Water Sports,ActiveLife,94.53,104.6,49.13
SPOOUWA003,AthletePro Active Water Sports,Sports,Outdoor,Water Sports,AthletePro,105.14,132.4,62.29
SPOOUWA004,AthletePro Sport Water Sports,Sports,Outdoor,Water Sports,AthletePro,89.32,100.49,46.23
SPOOUWA005,SportsGear Sport Water Sports,Sports,Outdoor,Water Sports,SportsGear,96.67,110.21,54.57
SPOOUWA006,OutdoorEdge Pro Water Sports,Sports,Outdoor,Water Sports,OutdoorEdge,89.69,109.1,45.71
SPOOUWA007,AthletePro Performance Water Sports,Sports,Outdoor,Water Sports,AthletePro,81.67,94.91,50.61
SPOOUWA008,SportsGear Elite Water Sports,Sports,Outdoor,Water Sports,SportsGear,88.38,98.5,44.34
BOOFIMY001,PageTurn Guide Mystery,Books,Fiction,Mystery,PageTurn,23.92,29.18,11.29
BOOFIMY002,ReadNow Guide Mystery,Books,Fiction,Mystery,ReadNow,22.91,29.14,11.55
BOOFIMY003,ReadNow Essential Mystery,Books,Fiction,Mystery,ReadNow,27.79,33.24,11.28
BOOFIMY004,Bookworm Essential Mystery,Books,Fiction,Mystery,Bookworm,21.04,27.3,9.18
BOOFIMY005,KnowledgeBase Complete Mystery,Books,Fiction,Mystery,KnowledgeBase,21.42,26.21,10.17
BOOFIMY006,Bookworm Essential Mystery,Books,Fiction,Mystery,Bookworm,27.01,29.77,13.07
BOOFIMY007,ReadNow Guide Mystery,Books,Fiction,Mystery,ReadNow,23.26,25.99,11.11
BOOFIMY008,Bookworm Essential Mystery,Books,Fiction,Mystery,Bookworm,23.5,26.22,9.52
BOOFIMY009,PageTurn Complete Mystery,Books,Fiction,Mystery,PageTurn,23.96,29.08,10.06
BOOFIMY010,ReadNow Complete Mystery,Books,Fiction,Mystery,ReadNow,26.88,30.65,13.98
BOOFIRO001,ReadNow Guide Romance,Books,Fiction,Romance,ReadNow,21.67,26.59,9.01
BOOFIRO002,Bookworm Complete Romance,Books,Fiction,Romance,Bookworm,27.05,34.82,10.95
BOOFIRO003,ReadNow Advanced Romance,Books,Fiction,Romance,ReadNow,20.51,25.47,9.87
BOOFIRO004,PageTurn Essential Romance,Books,Fiction,Romance,PageTurn,28.7,36.17,14.55
BOOFIRO005,LiteraryPlus Guide Romance,Books,Fiction,Romance,LiteraryPlus,23.39,26.1,12.21
BOOFIRO006,PageTurn Complete Romance,Books,Fiction,Romance,PageTurn,28.94,36.56,13.95
BOOFIRO007,LiteraryPlus Master Romance,Books,Fiction,Romance,LiteraryPlus,24.51,29.55,12.17
BOOFIRO008,Bookworm Guide Romance,Books,Fiction,Romance,Bookworm,27.3,30.37,11.26
BOOFIRO009,KnowledgeBase Complete Romance,Books,Fiction,Romance,KnowledgeBase,22.46,28.62,9.52
BOOFIRO010,LiteraryPlus Guide Romance,Books,Fiction,Romance,LiteraryPlus,22.18,25.9,12.12
BOOFIRO011,ReadNow Guide Romance,Books,Fiction,Romance,ReadNow,21.81,26.87,11.31
BOOFIRO012,PageTurn Guide Romance,Books,Fiction,Romance,PageTurn,24.97,31.06,12.07
BOOFISC001,LiteraryPlus Complete Science Fiction,Books,Fiction,Science Fiction,LiteraryPlus,22.28,28.85,12.24
BOOFISC002,PageTurn Master Science Fiction,Books,Fiction,Science Fiction,PageTurn,26.49,32.75,11.39
BOOFISC003,LiteraryPlus Master Science Fiction,Books,Fiction,Science Fiction,LiteraryPlus,20.71,23.85,8.38
BOOFISC004,PageTurn Master Science Fiction,Books,Fiction,Science Fiction,PageTurn,24.62,30.66,13.05
BOOFISC005,LiteraryPlus Complete Science Fiction,Books,Fiction,Science Fiction,LiteraryPlus,27.42,32.05,12.72
BOOFISC006,PageTurn Advanced Science Fiction,Books,Fiction,Science Fiction,PageTurn,23.7,26.26,12.99
BOOFISC007,KnowledgeBase Essential Science Fiction,Books,Fiction,Science Fiction,KnowledgeBase,28.66,34.04,13.95
BOOFISC008,PageTurn Essential Science Fiction,Books,Fiction,Science Fiction,PageTurn,27.24,34.72,12.89
BOOFISC009,Bookworm Guide Science Fiction,Books,Fiction,Science Fiction,Bookworm,29.0,33.5,13.43
BOOFISC010,KnowledgeBase Guide Science Fiction,Books,Fiction,Science Fiction,KnowledgeBase,25.91,29.6,13.91
BOOFISC011,Bookworm Master Science Fiction,Books,Fiction,Science Fiction,Bookworm,26.22,32.69,12.97
BOONOBI001,LiteraryPlus Guide Biography,Books,Non-Fiction,Biography,LiteraryPlus,21.31,27.31,10.81
BOONOBI002,KnowledgeBase Master Biography,Books,Non-Fiction,Biography,KnowledgeBase,21.79,28.2,9.49
BOONOBI003,PageTurn Complete Biography,Books,Non-Fiction,Biography,PageTurn,21.8,26.13,11.51
BOONOBI004,KnowledgeBase Essential Biography,Books,Non-Fiction,Biography,KnowledgeBase,22.46,26.71,11.92
BOONOBI005,LiteraryPlus Master Biography,Books,Non-Fiction,Biography,LiteraryPlus,25.14,30.63,11.41
BOONOBI006,ReadNow Master Biography,Books,Non-Fiction,Biography,ReadNow,21.63,27.98,9.92
BOONOBI007,Bookworm Master Biography,Books,Non-Fiction,Biography,Bookworm,22.57,26.3,11.25
BOONOBI008,LiteraryPlus Master Biography,Books,Non-Fiction,Biography,LiteraryPlus,27.72,35.87,11.63
BOONOBI009,PageTurn Advanced Biography,Books,Non-Fiction,Biography,PageTurn,24.53,27.34,10.68
BOONOBI010,LiteraryPlus Advanced Biography,Books,Non-Fiction,Biography,LiteraryPlus,21.69,25.32,10.37
BOONOBI011,Bookworm Advanced Biography,Books,Non-Fiction,Biography,Bookworm,28.28,32.51,13.14
BOONOSE001,LiteraryPlus Complete Self-Help,Books,Non-Fiction,Self-Help,LiteraryPlus,26.16,29.65,13.24
BOONOSE002,PageTurn Complete Self-Help,Books,Non-Fiction,Self-Help,PageTurn,21.67,27.03,8.79
BOONOSE003,PageTurn Master Self-Help,Books,Non-Fiction,Self-Help,PageTurn,26.63,33.79,12.55
BOONOSE004,PageTurn Advanced Self-Help,Books,Non-Fiction,Self-Help,PageTurn,28.05,35.72,13.68
BOONOSE005,ReadNow Guide Self-Help,Books,Non-Fiction,Self-Help,ReadNow,22.05,25.44,9.19
BOONOSE006,PageTurn Guide Self-Help,Books,Non-Fiction,Self-Help,PageTurn,20.56,26.47,9.86
BOONOSE007,KnowledgeBase Guide Self-Help,Books,Non-Fiction,Self-Help,KnowledgeBase,20.39,24.27,8.53
BOONOSE008,Bookworm Complete Self-Help,Books,Non-Fiction,Self-Help,Bookworm,29.33,35.23,13.12
BOONOSE009,LiteraryPlus Advanced Self-Help,Books,Non-Fiction,Self-Help,LiteraryPlus,20.41,26.48,8.62
BOONOHI001,PageTurn Advanced History,Books,Non-Fiction,History,PageTurn,29.64,38.25,11.88
BOONOHI002,KnowledgeBase Advanced History,Books,Non-Fiction,History,KnowledgeBase,26.38,31.42,13.99
BOONOHI003,Bookworm Complete History,Books,Non-Fiction,History,Bookworm,25.15,31.01,11.9
BOONOHI004,KnowledgeBase Guide History,Books,Non-Fiction,History,KnowledgeBase,21.39,24.84,8.65
BOONOHI005,ReadNow Essential History,Books,Non-Fiction,History,ReadNow,27.04,33.38,11.63
BOONOHI006,LiteraryPlus Essential History,Books,Non-Fiction,History,LiteraryPlus,29.69,36.65,12.29
BOONOHI007,PageTurn Advanced History,Books,Non-Fiction,History,PageTurn,24.43,27.74,12.95
BOONOHI008,KnowledgeBase Advanced History,Books,Non-Fiction,History,KnowledgeBase,26.92,34.69,14.15
BOONOHI009,PageTurn Advanced History,Books,Non-Fiction,History,PageTurn,26.82,32.82,12.73
BOONOHI010,KnowledgeBase Essential History,Books,Non-Fiction,History,KnowledgeBase,28.68,31.72,13.93
BOONOHI011,LiteraryPlus Guide History,Books,Non-Fiction,History,LiteraryPlus,29.3,36.19,14.75
BOONOHI012,KnowledgeBase Guide History,Books,Non-Fiction,History,KnowledgeBase,22.15,26.11,11.05
BOONOHI013,KnowledgeBase Complete History,Books,Non-Fiction,History,KnowledgeBase,26.5,32.64,11.02
BOOEDTE001,PageTurn Essential Textbooks,Books,Educational,Textbooks,PageTurn,29.98,38.84,12.21
BOOEDTE002,Bookworm Advanced Textbooks,Books,Educational,Textbooks,Bookworm,24.06,30.23,12.77
BOOEDTE003,Bookworm Advanced Textbooks,Books,Educational,Textbooks,Bookworm,25.66,32.73,13.11
BOOEDTE004,PageTurn Essential Textbooks,Books,Educational,Textbooks,PageTurn,24.03,29.64,10.79
BOOEDTE005,ReadNow Guide Textbooks,Books,Educational,Textbooks,ReadNow,28.07,35.35,14.44
BOOEDTE006,LiteraryPlus Complete Textbooks,Books,Educational,Textbooks,LiteraryPlus,24.35,27.37,12.73
BOOEDTE007,ReadNow Complete Textbooks,Books,Educational,Textbooks,ReadNow,25.43,29.63,10.2
BOOEDTE008,PageTurn Guide Textbooks,Books,Educational,Textbooks,PageTurn,23.66,29.31,10.87
BOOEDTE009,ReadNow Master Textbooks,Books,Educational,Textbooks,ReadNow,23.88,27.4,11.16
BOOEDTE010,LiteraryPlus Master Textbooks,Books,Educational,Textbooks,LiteraryPlus,23.72,26.44,10.3
BOOEDTE011,Bookworm Essential Textbooks,Books,Educational,Textbooks,Bookworm,26.02,31.85,13.02
BOOEDRE001,Bookworm Advanced Reference,Books,Educational,Reference,Bookworm,24.63,31.34,11.25
BOOEDRE002,KnowledgeBase Guide Reference,Books,Educational,Reference,KnowledgeBase,25.18,27.83,11.88
BOOEDRE003,PageTurn Complete Reference,Books,Educational,Reference,PageTurn,23.4,27.61,10.7
BOOEDRE004,ReadNow Essential Reference,Books,Educational,Reference,ReadNow,25.79,31.51,12.38
BOOEDRE005,KnowledgeBase Complete Reference,Books,Educational,Reference,KnowledgeBase,27.64,34.37,14.43
BOOEDRE006,PageTurn Advanced Reference,Books,Educational,Reference,PageTurn,29.54,33.65,11.9
BOOEDRE007,LiteraryPlus Master Reference,Books,Educational,Reference,LiteraryPlus,20.07,25.68,9.98
BOOEDRE008,LiteraryPlus Guide Reference,Books,Educational,Reference,LiteraryPlus,22.43,24.94,12.09
BOOEDRE009,LiteraryPlus Master Reference,Books,Educational,Reference,LiteraryPlus,29.33,32.86,13.28
BOOEDRE010,Bookworm Essential Reference,Books,Educational,Reference,Bookworm,24.85,28.75,10.9
BOOEDRE011,KnowledgeBase Complete Reference,Books,Educational,Reference,KnowledgeBase,23.06,27.86,12.0
BOOEDRE012,Bookworm Master Reference,Books,Educational,Reference,Bookworm,23.1,28.72,11.36
BOOEDCH001,Bookworm Guide Children's Learning,Books,Educational,Children's Learning,Bookworm,22.72,25.54,10.5
BOOEDCH002,LiteraryPlus Guide Children's Learning,Books,Educational,Children's Learning,LiteraryPlus,21.8,24.77,10.95
BOOEDCH003,Bookworm Complete Children's Learning,Books,Educational,Children's Learning,Bookworm,25.24,28.31,12.78
BOOEDCH004,ReadNow Master Children's Learning,Books,Educational,Children's Learning,ReadNow,25.66,33.17,11.25
BOOEDCH005,KnowledgeBase Complete Children's Learning,Books,Educational,Children's Learning,KnowledgeBase,24.83,30.04,12.93
BOOEDCH006,PageTurn Essential Children's Learning,Books,Educational,Children's Learning,PageTurn,20.43,26.36,10.11
BOOEDCH007,Bookworm Essential Children's Learning,Books,Educational,Children's Learning,Bookworm,26.01,33.21,13.6
BOOEDCH008,ReadNow Advanced Children's Learning,Books,Educational,Children's Learning,ReadNow,22.27,27.22,9.62
BEASKCL001,LuxeBeauty Luxe Cleansers,Beauty,Skincare,Cleansers,LuxeBeauty,38.57,49.37,18.05
BEASKCL002,GlowUp Pure Cleansers,Beauty,Skincare,Cleansers,GlowUp,37.65,47.29,13.08
BEASKCL003,PrettyYou Pro Cleansers,Beauty,Skincare,Cleansers,PrettyYou,36.39,43.11,16.9
BEASKCL004,BeautyBasics Pure Cleansers,Beauty,Skincare,Cleansers,BeautyBasics,42.67,52.26,13.62
BEASKCL005,RadiantSkin Perfect Cleansers,Beauty,Skincare,Cleansers,RadiantSkin,39.22,44.46,16.37
BEASKCL006,BeautyBasics Radiant Cleansers,Beauty,Skincare,Cleansers,BeautyBasics,43.78,50.05,20.69
BEASKCL007,RadiantSkin Perfect Cleansers,Beauty,Skincare,Cleansers,RadiantSkin,33.52,41.18,10.22
BEASKCL008,LuxeBeauty Luxe Cleansers,Beauty,Skincare,Cleansers,LuxeBeauty,41.7,47.81,17.07
BEASKCL009,PrettyYou Perfect Cleansers,Beauty,Skincare,Cleansers,PrettyYou,38.24,45.87,16.02
BEASKCL010,GlowUp Pure Cleansers,Beauty,Skincare,Cleansers,GlowUp,47.79,59.22,15.64
BEASKMO001,PrettyYou Luxe Moisturizers,Beauty,Skincare,Moisturizers,PrettyYou,38.46,47.83,14.83
BEASKMO002,LuxeBeauty Radiant Moisturizers,Beauty,Skincare,Moisturizers,LuxeBeauty,43.07,48.48,21.46
BEASKMO003,PrettyYou Radiant Moisturizers,Beauty,Skincare,Moisturizers,PrettyYou,33.66,40.92,14.97
BEASKMO004,PrettyYou Perfect Moisturizers,Beauty,Skincare,Moisturizers,PrettyYou,36.38,40.64,11.49
BEASKMO005,PrettyYou Essential Moisturizers,Beauty,Skincare,Moisturizers,PrettyYou,46.3,53.92,15.67
BEASKMO006,GlowUp Pure Moisturizers,Beauty,Skincare,Moisturizers,GlowUp,35.62,39.67,13.21
BEASKMO007,GlowUp Essential Moisturizers,Beauty,Skincare,Moisturizers,GlowUp,40.29,50.77,12.63
BEASKMO008,BeautyBasics Radiant Moisturizers,Beauty,Skincare,Moisturizers,BeautyBasics,35.73,45.59,14.58
BEASKTR001,LuxeBeauty Luxe Treatments,Beauty,Skincare,Treatments,LuxeBeauty,42.4,49.39,17.24
BEASKTR002,PrettyYou Luxe Treatments,Beauty,Skincare,Treatments,PrettyYou,37.32,48.47,16.19
BEASKTR003,BeautyBasics Pure Treatments,Beauty,Skincare,Treatments,BeautyBasics,42.58,53.06,17.52
BEASKTR004,RadiantSkin Pure Treatments,Beauty,Skincare,Treatments,RadiantSkin,39.43,47.81,12.3
BEASKTR005,RadiantSkin Luxe Treatments,Beauty,Skincare,Treatments,RadiantSkin,47.31,58.57,15.85
BEASKTR006,PrettyYou Essential Treatments,Beauty,Skincare,Treatments,PrettyYou,35.21,39.41,14.33
BEASKTR007,LuxeBeauty Pro Treatments,Beauty,Skincare,Treatments,LuxeBeauty,39.2,45.84,17.69
BEASKTR008,LuxeBeauty Pro Treatments,Beauty,Skincare,Treatments,LuxeBeauty,42.63,54.8,19.57
BEASKTR009,GlowUp Radiant Treatments,Beauty,Skincare,Treatments,GlowUp,35.75,40.41,13.58
BEASKTR010,GlowUp Radiant Treatments,Beauty,Skincare,Treatments,GlowUp,47.87,57.82,23.24
BEASKTR011,RadiantSkin Pro Treatments,Beauty,Skincare,Treatments,RadiantSkin,45.46,55.68,18.38
BEAHASH001,LuxeBeauty Perfect Shampoo,Beauty,Haircare,Shampoo,LuxeBeauty,33.42,37.61,15.07
BEAHASH002,BeautyBasics Pro Shampoo,Beauty,Haircare,Shampoo,BeautyBasics,45.21,56.13,20.63
BEAHASH003,GlowUp Pro Shampoo,Beauty,Haircare,Shampoo,GlowUp,32.57,37.54,11.75
BEAHASH004,LuxeBeauty Pro Shampoo,Beauty,Haircare,Shampoo,LuxeBeauty,37.75,48.6,11.99
BEAHASH005,BeautyBasics Radiant Shampoo,Beauty,Haircare,Shampoo,BeautyBasics,40.85,48.18,14.75
BEAHASH006,BeautyBasics Perfect Shampoo,Beauty,Haircare,Shampoo,BeautyBasics,39.15,47.1,16.45
BEAHASH007,GlowUp Pro Shampoo,Beauty,Haircare,Shampoo,GlowUp,46.7,60.63,18.65
BEAHASH008,PrettyYou Pure Shampoo,Beauty,Haircare,Shampoo,PrettyYou,45.61,58.66,15.59
BEAHASH009,RadiantSkin Radiant Shampoo,Beauty,Haircare,Shampoo,RadiantSkin,33.85,39.82,15.69
BEAHASH010,PrettyYou Perfect Shampoo,Beauty,Haircare,Shampoo,PrettyYou,46.04,58.06,21.8
BEAHAST001,RadiantSkin Essential Styling,Beauty,Haircare,Styling,RadiantSkin,44.63,49.81,16.11
BEAHAST002,LuxeBeauty Pro Styling,Beauty,Haircare,Styling,LuxeBeauty,38.44,47.62,12.87
BEAHAST003,PrettyYou Luxe Styling,Beauty,Haircare,Styling,PrettyYou,37.53,46.09,18.58
BEAHAST004,PrettyYou Pure Styling,Beauty,Haircare,Styling,PrettyYou,45.15,57.45,14.74
BEAHAST005,LuxeBeauty Essential Styling,Beauty,Haircare,Styling,LuxeBeauty,46.75,57.1,18.58
BEAHAST006,RadiantSkin Luxe Styling,Beauty,Haircare,Styling,RadiantSkin,44.23,53.09,14.81
BEAHAST007,LuxeBeauty Radiant Styling,Beauty,Haircare,Styling,LuxeBeauty,38.37,45.03,12.63
BEAHAST008,GlowUp Essential Styling,Beauty,Haircare,Styling,GlowUp,33.08,37.29,10.1
BEAHAST009,PrettyYou Pure Styling,Beauty,Haircare,Styling,PrettyYou,47.4,61.29,19.43
BEAHAST010,GlowUp Luxe Styling,Beauty,Haircare,Styling,GlowUp,38.91,46.74,14.1
BEAHAST011,LuxeBeauty Essential Styling,Beauty,Haircare,Styling,LuxeBeauty,39.02,47.93,12.53
BEAHAST012,GlowUp Perfect Styling,Beauty,Haircare,Styling,GlowUp,35.45,43.6,15.03
BEAHATR001,RadiantSkin Radiant Treatment,Beauty,Haircare,Treatment,RadiantSkin,34.42,43.24,10.75
BEAHATR002,RadiantSkin Pure Treatment,Beauty,Haircare,Treatment,RadiantSkin,39.35,51.11,12.26
BEAHATR003,PrettyYou Radiant Treatment,Beauty,Haircare,Treatment,PrettyYou,32.92,42.68,14.45
BEAHATR004,RadiantSkin Perfect Treatment,Beauty,Haircare,Treatment,RadiantSkin,35.82,40.27,11.76
BEAHATR005,GlowUp Pure Treatment,Beauty,Haircare,Treatment,GlowUp,36.84,45.63,11.8
BEAHATR006,RadiantSkin Perfect Treatment,Beauty,Haircare,Treatment,RadiantSkin,32.99,42.86,13.26
BEAHATR007,BeautyBasics Essential Treatment,Beauty,Haircare,Treatment,BeautyBasics,45.01,52.27,19.04
BEAHATR008,RadiantSkin Pure Treatment,Beauty,Haircare,Treatment,RadiantSkin,41.97,49.75,17.02
BEAMAFA001,BeautyBasics Luxe Face,Beauty,Makeup,Face,BeautyBasics,34.08,40.56,16.27
BEAMAFA002,PrettyYou Luxe Face,Beauty,Makeup,Face,PrettyYou,35.11,41.52,13.11
BEAMAFA003,LuxeBeauty Perfect Face,Beauty,Makeup,Face,LuxeBeauty,45.23,56.71,20.2
BEAMAFA004,GlowUp Radiant Face,Beauty,Makeup,Face,GlowUp,32.17,38.48,12.33
BEAMAFA005,BeautyBasics Luxe Face,Beauty,Makeup,Face,BeautyBasics,32.3,40.44,11.37
BEAMAFA006,BeautyBasics Perfect Face,Beauty,Makeup,Face,BeautyBasics,34.19,39.08,13.92
BEAMAFA007,PrettyYou Pure Face,Beauty,Makeup,Face,PrettyYou,32.19,41.69,11.21
BEAMAFA008,RadiantSkin Radiant Face,Beauty,Makeup,Face,RadiantSkin,44.81,53.67,22.04
BEAMAFA009,RadiantSkin Pro Face,Beauty,Makeup,Face,RadiantSkin,33.75,40.19,13.82
BEAMAFA010,LuxeBeauty Essential Face,Beauty,Makeup,Face,LuxeBeauty,45.5,54.49,14.54
BEAMAFA011,LuxeBeauty Pure Face,Beauty,Makeup,Face,LuxeBeauty,34.39,42.9,12.55
BEAMAFA012,PrettyYou Essential Face,Beauty,Makeup,Face,PrettyYou,39.61,46.69,14.86
BEAMAEY001,GlowUp Perfect Eyes,Beauty,Makeup,Eyes,GlowUp,39.34,50.29,17.98
BEAMAEY002,LuxeBeauty Luxe Eyes,Beauty,Makeup,Eyes,LuxeBeauty,47.27,54.98,21.62
BEAMAEY003,LuxeBeauty Luxe Eyes,Beauty,Makeup,Eyes,LuxeBeauty,43.0,49.49,16.66
BEAMAEY004,RadiantSkin Perfect Eyes,Beauty,Makeup,Eyes,RadiantSkin,45.44,58.18,13.98
BEAMAEY005,PrettyYou Essential Eyes,Beauty,Makeup,Eyes,PrettyYou,39.37,48.5,16.83
BEAMAEY006,LuxeBeauty Perfect Eyes,Beauty,Makeup,Eyes,LuxeBeauty,46.31,56.63,19.79
BEAMAEY007,RadiantSkin Pro Eyes,Beauty,Makeup,Eyes,RadiantSkin,33.06,37.36,13.34
BEAMAEY008,LuxeBeauty Luxe Eyes,Beauty,Makeup,Eyes,LuxeBeauty,43.79,54.12,17.62
BEAMAEY009,RadiantSkin Perfect Eyes,Beauty,Makeup,Eyes,RadiantSkin,32.66,40.6,10.35
BEAMAEY010,BeautyBasics Essential Eyes,Beauty,Makeup,Eyes,BeautyBasics,33.15,36.54,10.42
BEAMAEY011,LuxeBeauty Perfect Eyes,Beauty,Makeup,Eyes,LuxeBeauty,47.29,55.36,21.16
BEAMAEY012,PrettyYou Pro Eyes,Beauty,Makeup,Eyes,PrettyYou,36.74,46.1,13.59
BEAMALI001,GlowUp Essential Lips,Beauty,Makeup,Lips,GlowUp,42.57,48.31,14.35
BEAMALI002,RadiantSkin Pure Lips,Beauty,Makeup,Lips,RadiantSkin,33.57,42.05,14.5
BEAMALI003,LuxeBeauty Pro Lips,Beauty,Makeup,Lips,LuxeBeauty,36.23,40.45,11.02
BEAMALI004,RadiantSkin Luxe Lips,Beauty,Makeup,Lips,RadiantSkin,47.47,59.52,17.05
BEAMALI005,PrettyYou Radiant Lips,Beauty,Makeup,Lips,PrettyYou,41.98,47.91,15.8
BEAMALI006,LuxeBeauty Luxe Lips,Beauty,Makeup,Lips,LuxeBeauty,33.93,42.58,14.35
BEAMALI007,LuxeBeauty Essential Lips,Beauty,Makeup,Lips,LuxeBeauty,42.29,46.88,17.17
BEAMALI008,BeautyBasics Pro Lips,Beauty,Makeup,Lips,BeautyBasics,47.48,55.01,21.83
BEAMALI009,LuxeBeauty Pure Lips,Beauty,Makeup,Lips,LuxeBeauty,47.67,57.99,20.04
BEAMALI010,BeautyBasics Pro Lips,Beauty,Makeup,Lips,BeautyBasics,43.96,54.13,20.32
BEAMALI011,BeautyBasics Pro Lips,Beauty,Makeup,Lips,BeautyBasics,34.04,43.76,12.52
BEAMALI012,GlowUp Essential Lips,Beauty,Makeup,Lips,GlowUp,35.58,42.22,13.32
GROSNCH001,FreshPick Gourmet Chips,Groceries,Snacks,Chips,FreshPick,9.75,12.56,7.72
GROSNCH002,TastyBites Natural Chips,Groceries,Snacks,Chips,TastyBites,8.95,10.2,6.43
GROSNCH003,TastyBites Premium Chips,Groceries,Snacks,Chips,TastyBites,11.54,13.35,9.19
GROSNCH004,MarketEssentials Gourmet Chips,Groceries,Snacks,Chips,MarketEssentials,11.25,14.28,9.33
GROSNCH005,PantryBasics Gourmet Chips,Groceries,Snacks,Chips,PantryBasics,11.66,14.59,8.61
GROSNCH006,GoodEats Organic Chips,Groceries,Snacks,Chips,GoodEats,9.83,12.25,8.12
GROSNCH007,PantryBasics Organic Chips,Groceries,Snacks,Chips,PantryBasics,11.09,12.6,8.86
GROSNCH008,TastyBites Organic Chips,Groceries,Snacks,Chips,TastyBites,10.17,13.09,8.62
GROSNCH009,GoodEats Premium Chips,Groceries,Snacks,Chips,GoodEats,8.16,9.2,5.92
GROSNCH010,GoodEats Fresh Chips,Groceries,Snacks,Chips,GoodEats,10.89,12.45,8.96
GROSNCH011,PantryBasics Classic Chips,Groceries,Snacks,Chips,PantryBasics,10.01,12.48,8.27
GROSNCH012,TastyBites Fresh Chips,Groceries,Snacks,Chips,TastyBites,10.16,12.21,8.01
GROSNCH013,GoodEats Organic Chips,Groceries,Snacks,Chips,GoodEats,9.18,11.36,7.2
GROSNCH014,TastyBites Organic Chips,Groceries,Snacks,Chips,TastyBites,11.48,14.38,9.13
GROSNCH015,MarketEssentials Classic Chips,Groceries,Snacks,Chips,MarketEssentials,8.63,9.51,6.64
GROSNCH016,PantryBasics Fresh Chips,Groceries,Snacks,Chips,PantryBasics,8.98,11.66,7.26
GROSNCH017,TastyBites Classic Chips,Groceries,Snacks,Chips,TastyBites,8.39,10.57,6.38
GROSNCH018,GoodEats Fresh Chips,Groceries,Snacks,Chips,GoodEats,8.81,10.98,6.9
GROSNCH019,GoodEats Gourmet Chips,Groceries,Snacks,Chips,GoodEats,10.45,12.24,7.61
GROSNCH020,TastyBites Classic Chips,Groceries,Snacks,Chips,TastyBites,11.12,12.25,8.71
GROSNCH021,PantryBasics Organic Chips,Groceries,Snacks,Chips,PantryBasics,11.03,13.78,7.78
GROSNCH022,TastyBites Organic Chips,Groceries,Snacks,Chips,TastyBites,8.8,10.33,7.43
GROSNCH023,MarketEssentials Premium Chips,Groceries,Snacks,Chips,MarketEssentials,9.3,10.8,6.72
GROSNCH024,GoodEats Fresh Chips,Groceries,Snacks,Chips,GoodEats,11.5,13.49,9.76
GROSNCH025,TastyBites Premium Chips,Groceries,Snacks,Chips,TastyBites,9.78,12.5,7.91
GROSNCO001,TastyBites Premium Cookies,Groceries,Snacks,Cookies,TastyBites,10.36,12.25,7.86
GROSNCO002,MarketEssentials Premium Cookies,Groceries,Snacks,Cookies,MarketEssentials,10.77,13.18,7.55
GROSNCO003,PantryBasics Fresh Cookies,Groceries,Snacks,Cookies,PantryBasics,9.41,10.53,7.71
GROSNCO004,GoodEats Gourmet Cookies,Groceries,Snacks,Cookies,GoodEats,10.34,12.71,7.99
GROSNCO005,PantryBasics Classic Cookies,Groceries,Snacks,Cookies,PantryBasics,8.25,10.0,6.49
GROSNCO006,FreshPick Organic Cookies,Groceries,Snacks,Cookies,FreshPick,10.23,12.64,8.09
GROSNCO007,GoodEats Fresh Cookies,Groceries,Snacks,Cookies,GoodEats,11.21,14.18,8.3
GROSNCO008,FreshPick Classic Cookies,Groceries,Snacks,Cookies,FreshPick,9.98,11.1,7.1
GROSNCO009,FreshPick Classic Cookies,Groceries,Snacks,Cookies,FreshPick,9.33,11.58,7.63
GROSNCO010,TastyBites Fresh Cookies,Groceries,Snacks,Cookies,TastyBites,11.14,13.24,8.66
GROSNCO011,PantryBasics Classic Cookies,Groceries,Snacks,Cookies,PantryBasics,8.58,10.18,6.43
GROSNCO012,FreshPick Fresh Cookies,Groceries,Snacks,Cookies,FreshPick,8.35,10.18,6.12
GROSNCO013,PantryBasics Premium Cookies,Groceries,Snacks,Cookies,PantryBasics,10.93,14.06,9.29
GROSNCO014,MarketEssentials Premium Cookies,Groceries,Snacks,Cookies,MarketEssentials,10.56,12.96,8.06
GROSNCO015,MarketEssentials Organic Cookies,Groceries,Snacks,Cookies,MarketEssentials,11.13,13.16,7.99
GROSNCO016,PantryBasics Premium Cookies,Groceries,Snacks,Cookies,PantryBasics,11.35,13.78,8.6
GROSNCO017,MarketEssentials Classic Cookies,Groceries,Snacks,Cookies,MarketEssentials,10.34,12.12,7.52
GROSNCO018,PantryBasics Natural Cookies,Groceries,Snacks,Cookies,PantryBasics,9.33,10.31,6.57
GROSNCO019,GoodEats Classic Cookies,Groceries,Snacks,Cookies,GoodEats,11.32,13.62,8.38
GROSNCO020,TastyBites Premium Cookies,Groceries,Snacks,Cookies,TastyBites,9.19,10.58,7.73
GROSNCO021,FreshPick Premium Cookies,Groceries,Snacks,Cookies,FreshPick,9.71,12.31,8.07
GROSNCO022,MarketEssentials Organic Cookies,Groceries,Snacks,Cookies,MarketEssentials,8.74,10.41,7.17
GROSNCO023,PantryBasics Gourmet Cookies,Groceries,Snacks,Cookies,PantryBasics,9.92,11.07,7.14
GROSNNU001,TastyBites Gourmet Nuts,Groceries,Snacks,Nuts,TastyBites,10.9,12.94,8.44
GROSNNU002,GoodEats Premium Nuts,Groceries,Snacks,Nuts,GoodEats,10.91,12.34,8.89
GROSNNU003,MarketEssentials Organic Nuts,Groceries,Snacks,Nuts,MarketEssentials,10.43,13.04,7.51
GROSNNU004,MarketEssentials Premium Nuts,Groceries,Snacks,Nuts,MarketEssentials,10.62,11.83,8.96
GROSNNU005,FreshPick Organic Nuts,Groceries,Snacks,Nuts,FreshPick,8.22,9.47,6.1
GROSNNU006,GoodEats Natural Nuts,Groceries,Snacks,Nuts,GoodEats,8.98,10.32,7.51
GROSNNU007,TastyBites Classic Nuts,Groceries,Snacks,Nuts,TastyBites,9.08,10.8,7.39
GROSNNU008,FreshPick Premium Nuts,Groceries,Snacks,Nuts,FreshPick,11.1,13.29,7.88
GROSNNU009,GoodEats Gourmet Nuts,Groceries,Snacks,Nuts,GoodEats,8.13,10.41,5.76
GROSNNU010,TastyBites Premium Nuts,Groceries,Snacks,Nuts,TastyBites,8.55,10.11,6.67
GROSNNU011,TastyBites Gourmet Nuts,Groceries,Snacks,Nuts,TastyBites,9.38,10.36,7.83
GROSNNU012,PantryBasics Natural Nuts,Groceries,Snacks,Nuts,PantryBasics,10.64,12.9,8.99
GROSNNU013,PantryBasics Fresh Nuts,Groceries,Snacks,Nuts,PantryBasics,11.74,13.89,8.31
GROSNNU014,GoodEats Premium Nuts,Groceries,Snacks,Nuts,GoodEats,9.03,11.71,7.31
GROSNNU015,TastyBites Fresh Nuts,Groceries,Snacks,Nuts,TastyBites,9.02,10.28,7.2
GROSNNU016,PantryBasics Gourmet Nuts,Groceries,Snacks,Nuts,PantryBasics,10.25,13.27,7.89
GROSNNU017,GoodEats Organic Nuts,Groceries,Snacks,Nuts,GoodEats,10.42,11.7,7.84
GROSNNU018,FreshPick Gourmet Nuts,Groceries,Snacks,Nuts,FreshPick,8.6,9.89,6.31
GROSNNU019,MarketEssentials Premium Nuts,Groceries,Snacks,Nuts,MarketEssentials,11.39,13.72,8.93
GROSNNU020,TastyBites Gourmet Nuts,Groceries,Snacks,Nuts,TastyBites,8.45,10.52,7.01
GROSNNU021,TastyBites Gourmet Nuts,Groceries,Snacks,Nuts,TastyBites,8.26,9.99,6.66
GROSNNU022,TastyBites Premium Nuts,Groceries,Snacks,Nuts,TastyBites,8.32,9.96,6.39
GROSNNU023,GoodEats Classic Nuts,Groceries,Snacks,Nuts,GoodEats,8.65,10.99,7.29
GROBESO001,GoodEats Fresh Soda,Groceries,Beverages,Soda,GoodEats,10.67,12.61,8.21
GROBESO002,MarketEssentials Natural Soda,Groceries,Beverages,Soda,MarketEssentials,10.59,11.78,8.28
GROBESO003,FreshPick Fresh Soda,Groceries,Beverages,Soda,FreshPick,10.04,11.97,8.24
GROBESO004,FreshPick Fresh Soda,Groceries,Beverages,Soda,FreshPick,8.2,9.35,6.71
GROBESO005,PantryBasics Natural Soda,Groceries,Beverages,Soda,PantryBasics,9.03,10.52,6.54
GROBESO006,FreshPick Gourmet Soda,Groceries,Beverages,Soda,FreshPick,11.02,12.57,8.57
GROBESO007,MarketEssentials Organic Soda,Groceries,Beverages,Soda,MarketEssentials,11.5,14.65,9.57
GROBESO008,FreshPick Fresh Soda,Groceries,Beverages,Soda,FreshPick,8.95,11.6,6.87
GROBESO009,TastyBites Fresh Soda,Groceries,Beverages,Soda,TastyBites,11.08,12.33,7.8
GROBESO010,PantryBasics Natural Soda,Groceries,Beverages,Soda,PantryBasics,9.85,11.89,8.23
GROBESO011,GoodEats Natural Soda,Groceries,Beverages,Soda,GoodEats,9.98,12.29,7.14
GROBESO012,GoodEats Natural Soda,Groceries,Beverages,Soda,GoodEats,11.28,14.15,8.54
GROBEJU001,PantryBasics Premium Juice,Groceries,Beverages,Juice,PantryBasics,11.85,14.27,8.65
GROBEJU002,GoodEats Premium Juice,Groceries,Beverages,Juice,GoodEats,9.14,11.11,7.48
GROBEJU003,MarketEssentials Organic Juice,Groceries,Beverages,Juice,MarketEssentials,10.53,12.41,8.63
GROBEJU004,FreshPick Organic Juice,Groceries,Beverages,Juice,FreshPick,11.65,13.18,9.09
GROBEJU005,FreshPick Fresh Juice,Groceries,Beverages,Juice,FreshPick,10.77,12.53,8.82
GROBEJU006,MarketEssentials Gourmet Juice,Groceries,Beverages,Juice,MarketEssentials,11.42,13.19,9.54
GROBEJU007,GoodEats Gourmet Juice,Groceries,Beverages,Juice,GoodEats,11.92,13.6,8.6
GROBEJU008,GoodEats Fresh Juice,Groceries,Beverages,Juice,GoodEats,8.73,10.74,7.28
GROBEJU009,FreshPick Natural Juice,Groceries,Beverages,Juice,FreshPick,8.6,10.52,6.59
GROBEJU010,PantryBasics Fresh Juice,Groceries,Beverages,Juice,PantryBasics,8.33,10.5,6.93
GROBEJU011,MarketEssentials Premium Juice,Groceries,Beverages,Juice,MarketEssentials,10.01,11.85,8.46
GROBEJU012,MarketEssentials Fresh Juice,Groceries,Beverages,Juice,MarketEssentials,11.92,14.63,9.54
GROBEJU013,FreshPick Fresh Juice,Groceries,Beverages,Juice,FreshPick,8.66,10.26,7.2
GROBEJU014,GoodEats Classic Juice,Groceries,Beverages,Juice,GoodEats,8.64,10.47,6.06
GROBECO001,GoodEats Classic Coffee,Groceries,Beverages,Coffee,GoodEats,10.1,12.91,8.16
GROBECO002,MarketEssentials Organic Coffee,Groceries,Beverages,Coffee,MarketEssentials,8.31,9.45,6.73
GROBECO003,GoodEats Natural Coffee,Groceries,Beverages,Coffee,GoodEats,11.42,13.8,9.4
GROBECO004,GoodEats Fresh Coffee,Groceries,Beverages,Coffee,GoodEats,10.83,12.93,8.09
GROBECO005,TastyBites Fresh Coffee,Groceries,Beverages,Coffee,TastyBites,11.28,13.21,8.67
GROBECO006,FreshPick Natural Coffee,Groceries,Beverages,Coffee,FreshPick,9.97,11.63,8.22
GROBECO007,GoodEats Premium Coffee,Groceries,Beverages,Coffee,GoodEats,8.69,10.99,7.01
GROBECO008,GoodEats Gourmet Coffee,Groceries,Beverages,Coffee,GoodEats,8.39,9.47,6.18
GROBECO009,PantryBasics Gourmet Coffee,Groceries,Beverages,Coffee,PantryBasics,9.38,11.73,7.2
GROBECO010,MarketEssentials Fresh Coffee,Groceries,Beverages,Coffee,MarketEssentials,10.59,12.4,8.4
GROBECO011,FreshPick Premium Coffee,Groceries,Beverages,Coffee,FreshPick,11.35,14.71,8.75
GROBECO012,MarketEssentials Natural Coffee,Groceries,Beverages,Coffee,MarketEssentials,10.53,13.0,7.57
GROBECO013,MarketEssentials Fresh Coffee,Groceries,Beverages,Coffee,MarketEssentials,9.29,10.35,7.46
GROBECO014,GoodEats Gourmet Coffee,Groceries,Beverages,Coffee,GoodEats,8.69,9.95,7.2
GROBECO015,GoodEats Organic Coffee,Groceries,Beverages,Coffee,GoodEats,11.34,13.93,8.41
GROBECO016,GoodEats Fresh Coffee,Groceries,Beverages,Coffee,GoodEats,10.77,12.5,8.36
GROBECO017,GoodEats Premium Coffee,Groceries,Beverages,Coffee,GoodEats,8.84,10.26,6.23
GROBECO018,MarketEssentials Gourmet Coffee,Groceries,Beverages,Coffee,MarketEssentials,10.6,13.51,8.91
GROBECO019,GoodEats Fresh Coffee,Groceries,Beverages,Coffee,GoodEats,11.05,13.63,9.04
GROBECO020,FreshPick Premium Coffee,Groceries,Beverages,Coffee,FreshPick,9.03,11.15,7.55
GROBECO021,GoodEats Fresh Coffee,Groceries,Beverages,Coffee,GoodEats,10.23,12.17,7.33
GROBECO022,TastyBites Natural Coffee,Groceries,Beverages,Coffee,TastyBites,9.83,11.89,8.16
GROBECO023,PantryBasics Premium Coffee,Groceries,Beverages,Coffee,PantryBasics,9.51,10.67,8.05
GROPAPA001,TastyBites Natural Pasta,Groceries,Pantry,Pasta,TastyBites,9.68,12.08,6.84
GROPAPA002,GoodEats Premium Pasta,Groceries,Pantry,Pasta,GoodEats,11.66,14.83,8.65
GROPAPA003,PantryBasics Premium Pasta,Groceries,Pantry,Pasta,PantryBasics,9.16,11.46,7.66
GROPAPA004,PantryBasics Natural Pasta,Groceries,Pantry,Pasta,PantryBasics,11.21,14.49,7.88
GROPAPA005,MarketEssentials Fresh Pasta,Groceries,Pantry,Pasta,MarketEssentials,10.9,13.79,8.13
GROPAPA006,GoodEats Gourmet Pasta,Groceries,Pantry,Pasta,GoodEats,9.12,10.23,7.58
GROPAPA007,FreshPick Gourmet Pasta,Groceries,Pantry,Pasta,FreshPick,10.8,12.09,8.44
GROPAPA008,PantryBasics Natural Pasta,Groceries,Pantry,Pasta,PantryBasics,8.96,10.69,6.29
GROPAPA009,GoodEats Fresh Pasta,Groceries,Pantry,Pasta,GoodEats,9.2,10.66,7.26
GROPAPA010,MarketEssentials Classic Pasta,Groceries,Pantry,Pasta,MarketEssentials,9.19,10.2,7.46
GROPAPA011,FreshPick Gourmet Pasta,Groceries,Pantry,Pasta,FreshPick,11.6,14.31,9.6
GROPAPA012,PantryBasics Gourmet Pasta,Groceries,Pantry,Pasta,PantryBasics,10.36,11.78,8.64
GROPAPA013,MarketEssentials Classic Pasta,Groceries,Pantry,Pasta,MarketEssentials,8.31,10.46,6.11
GROPAPA014,MarketEssentials Natural Pasta,Groceries,Pantry,Pasta,MarketEssentials,8.13,10.56,6.4
GROPACA001,PantryBasics Premium Canned Goods,Groceries,Pantry,Canned Goods,PantryBasics,11.41,12.7,8.88
GROPACA002,FreshPick Natural Canned Goods,Groceries,Pantry,Canned Goods,FreshPick,11.31,12.71,8.94
GROPACA003,PantryBasics Classic Canned Goods,Groceries,Pantry,Canned Goods,PantryBasics,8.37,10.32,7.0
GROPACA004,TastyBites Classic Canned Goods,Groceries,Pantry,Canned Goods,TastyBites,11.31,13.73,9.4
GROPACA005,TastyBites Premium Canned Goods,Groceries,Pantry,Canned Goods,TastyBites,10.06,11.7,7.69
GROPACA006,MarketEssentials Fresh Canned Goods,Groceries,Pantry,Canned Goods,MarketEssentials,9.73,11.87,7.94
GROPACA007,GoodEats Organic Canned Goods,Groceries,Pantry,Canned Goods,GoodEats,11.56,14.12,8.86
GROPACA008,TastyBites Fresh Canned Goods,Groceries,Pantry,Canned Goods,TastyBites,10.51,13.04,8.29
GROPACA009,GoodEats Organic Canned Goods,Groceries,Pantry,Canned Goods,GoodEats,8.94,10.02,6.95
GROPACA010,FreshPick Organic Canned Goods,Groceries,Pantry,Canned Goods,FreshPick,9.53,11.72,7.37
GROPACA011,FreshPick Classic Canned Goods,Groceries,Pantry,Canned Goods,FreshPick,11.79,14.72,9.32
GROPACA012,PantryBasics Natural Canned Goods,Groceries,Pantry,Canned Goods,PantryBasics,10.02,11.16,7.96
GROPACA013,GoodEats Premium Canned Goods,Groceries,Pantry,Canned Goods,GoodEats,9.01,10.76,6.79
GROPACA014,MarketEssentials Natural Canned Goods,Groceries,Pantry,Canned Goods,MarketEssentials,8.17,9.44,5.89
GROPACA015,MarketEssentials Natural Canned Goods,Groceries,Pantry,Canned Goods,MarketEssentials,11.87,14.21,8.9
GROPACA016,FreshPick Gourmet Canned Goods,Groceries,Pantry,Canned Goods,FreshPick,8.78,10.15,6.95
GROPABA001,MarketEssentials Fresh Baking,Groceries,Pantry,Baking,MarketEssentials,8.82,9.71,6.86
GROPABA002,PantryBasics Natural Baking,Groceries,Pantry,Baking,PantryBasics,8.02,8.88,5.88
GROPABA003,PantryBasics Fresh Baking,Groceries,Pantry,Baking,PantryBasics,8.42,10.62,6.32
GROPABA004,TastyBites Organic Baking,Groceries,Pantry,Baking,TastyBites,10.28,11.91,7.98
GROPABA005,FreshPick Organic Baking,Groceries,Pantry,Baking,FreshPick,11.72,13.09,8.9
GROPABA006,PantryBasics Organic Baking,Groceries,Pantry,Baking,PantryBasics,10.46,12.23,7.5
GROPABA007,GoodEats Premium Baking,Groceries,Pantry,Baking,GoodEats,10.02,12.01,8.33
GROPABA008,MarketEssentials Gourmet Baking,Groceries,Pantry,Baking,MarketEssentials,10.8,12.16,9.17
GROPABA009,TastyBites Fresh Baking,Groceries,Pantry,Baking,TastyBites,9.09,10.77,6.9
GROPABA010,GoodEats Gourmet Baking,Groceries,Pantry,Baking,GoodEats,9.63,11.97,8.06
GROPABA011,PantryBasics Gourmet Baking,Groceries,Pantry,Baking,PantryBasics,10.42,13.18,7.78
GROPABA012,FreshPick Premium Baking,Groceries,Pantry,Baking,FreshPick,11.81,12.99,9.72
GROPABA013,MarketEssentials Classic Baking,Groceries,Pantry,Baking,MarketEssentials,10.54,12.13,7.46
GROPABA014,GoodEats Gourmet Baking,Groceries,Pantry,Baking,GoodEats,8.23,10.18,6.51
GROPABA015,GoodEats Classic Baking,Groceries,Pantry,Baking,GoodEats,8.45,10.07,6.4
GROPABA016,TastyBites Premium Baking,Groceries,Pantry,Baking,TastyBites,9.47,11.21,6.8
GROPABA017,PantryBasics Fresh Baking,Groceries,Pantry,Baking,PantryBasics,10.99,12.27,7.81
GROPABA018,FreshPick Classic Baking,Groceries,Pantry,Baking,FreshPick,9.41,11.61,7.92
GROPABA019,GoodEats Natural Baking,Groceries,Pantry,Baking,GoodEats,10.7,13.05,8.07
GROPABA020,TastyBites Fresh Baking,Groceries,Pantry,Baking,TastyBites,8.03,10.3,6.39
TOYEDLE001,ImagineThat Adventure Learning,Toys,Educational,Learning,ImagineThat,31.34,39.01,18.01
TOYEDLE002,ImagineThat Super Learning,Toys,Educational,Learning,ImagineThat,25.44,28.32,14.77
TOYEDLE003,ToyWorld Smart Learning,Toys,Educational,Learning,ToyWorld,30.4,33.51,13.02
TOYEDLE004,ImagineThat Fun Learning,Toys,Educational,Learning,ImagineThat,29.05,34.78,13.34
TOYEDLE005,PlayFun Creative Learning,Toys,Educational,Learning,PlayFun,30.92,34.77,12.64
TOYEDLE006,ToyWorld Junior Learning,Toys,Educational,Learning,ToyWorld,30.69,38.24,14.38
TOYEDLE007,ToyWorld Super Learning,Toys,Educational,Learning,ToyWorld,31.82,39.41,18.11
TOYEDST001,ToyWorld Junior STEM,Toys,Educational,STEM,ToyWorld,29.15,33.67,15.58
TOYEDST002,ImagineThat Junior STEM,Toys,Educational,STEM,ImagineThat,27.67,32.9,15.43
TOYEDST003,PlayFun Junior STEM,Toys,Educational,STEM,PlayFun,33.57,42.68,18.95
TOYEDST004,ToyWorld Adventure STEM,Toys,Educational,STEM,ToyWorld,34.99,40.72,17.01
TOYEDST005,ImagineThat Junior STEM,Toys,Educational,STEM,ImagineThat,30.98,37.8,14.69
TOYEDST006,ToyWorld Adventure STEM,Toys,Educational,STEM,ToyWorld,32.46,38.13,17.45
TOYEDST007,KidJoy Creative STEM,Toys,Educational,STEM,KidJoy,25.99,29.33,12.64
TOYEDST008,ImagineThat Fun STEM,Toys,Educational,STEM,ImagineThat,34.67,39.21,16.27
TOYEDAR001,ToyWorld Creative Arts & Crafts,Toys,Educational,Arts & Crafts,ToyWorld,24.3,29.82,12.86
TOYEDAR002,ImagineThat Super Arts & Crafts,Toys,Educational,Arts & Crafts,ImagineThat,28.08,33.19,11.63
TOYEDAR003,ToyWorld Adventure Arts & Crafts,Toys,Educational,Arts & Crafts,ToyWorld,27.73,33.86,14.84
TOYEDAR004,ImagineThat Adventure Arts & Crafts,Toys,Educational,Arts & Crafts,ImagineThat,28.37,36.81,12.58
TOYEDAR005,ImagineThat Junior Arts & Crafts,Toys,Educational,Arts & Crafts,ImagineThat,29.44,33.21,15.83
TOYEDAR006,ImagineThat Fun Arts & Crafts,Toys,Educational,Arts & Crafts,ImagineThat,29.82,35.81,12.09
TOYEDAR007,PlayFun Fun Arts & Crafts,Toys,Educational,Arts & Crafts,PlayFun,35.56,39.39,16.95
TOYEDAR008,PlayFun Adventure Arts & Crafts,Toys,Educational,Arts & Crafts,PlayFun,24.36,27.58,11.64
TOYEDAR009,ImagineThat Junior Arts & Crafts,Toys,Educational,Arts & Crafts,ImagineThat,24.27,28.93,13.38
TOYEDAR010,ToyWorld Creative Arts & Crafts,Toys,Educational,Arts & Crafts,ToyWorld,27.46,30.85,15.93
TOYACFI001,ImagineThat Adventure Figures,Toys,Action,Figures,ImagineThat,35.46,45.31,16.41
TOYACFI002,PlayFun Smart Figures,Toys,Action,Figures,PlayFun,31.22,40.49,17.65
TOYACFI003,ImagineThat Junior Figures,Toys,Action,Figures,ImagineThat,27.45,32.34,16.26
TOYACFI004,KidJoy Smart Figures,Toys,Action,Figures,KidJoy,28.62,34.58,13.39
TOYACFI005,ToyWorld Adventure Figures,Toys,Action,Figures,ToyWorld,25.84,31.22,13.2
TOYACFI006,PlayTime Junior Figures,Toys,Action,Figures,PlayTime,33.13,39.36,18.78
TOYACFI007,PlayTime Fun Figures,Toys,Action,Figures,PlayTime,27.62,31.46,12.48
TOYACFI008,PlayFun Super Figures,Toys,Action,Figures,PlayFun,24.68,28.49,11.56
TOYACFI009,PlayTime Smart Figures,Toys,Action,Figures,PlayTime,35.59,41.62,18.2
TOYACVE001,PlayTime Super Vehicles,Toys,Action,Vehicles,PlayTime,30.96,36.8,13.24
TOYACVE002,KidJoy Creative Vehicles,Toys,Action,Vehicles,KidJoy,31.5,37.19,15.68
TOYACVE003,ToyWorld Junior Vehicles,Toys,Action,Vehicles,ToyWorld,35.91,43.98,20.69
TOYACVE004,KidJoy Adventure Vehicles,Toys,Action,Vehicles,KidJoy,30.82,35.15,16.15
TOYACVE005,KidJoy Smart Vehicles,Toys,Action,Vehicles,KidJoy,28.73,34.34,11.72
TOYACVE006,ToyWorld Junior Vehicles,Toys,Action,Vehicles,ToyWorld,30.51,39.44,13.59
TOYACVE007,ImagineThat Creative Vehicles,Toys,Action,Vehicles,ImagineThat,34.9,42.12,19.0
TOYACVE008,PlayFun Junior Vehicles,Toys,Action,Vehicles,PlayFun,34.43,43.31,14.67
TOYACVE009,ToyWorld Smart Vehicles,Toys,Action,Vehicles,ToyWorld,25.49,29.44,14.24
TOYACPL001,KidJoy Smart Playsets,Toys,Action,Playsets,KidJoy,34.51,38.99,20.32
TOYACPL002,ToyWorld Super Playsets,Toys,Action,Playsets,ToyWorld,29.54,35.35,17.61
TOYACPL003,PlayFun Fun Playsets,Toys,Action,Playsets,PlayFun,34.35,40.36,17.79
TOYACPL004,KidJoy Smart Playsets,Toys,Action,Playsets,KidJoy,27.42,34.34,12.08
TOYACPL005,ImagineThat Smart Playsets,Toys,Action,Playsets,ImagineThat,28.63,34.31,14.38
TOYACPL006,ToyWorld Super Playsets,Toys,Action,Playsets,ToyWorld,30.92,40.07,17.72
TOYGABO001,KidJoy Creative Board Games,Toys,Games,Board Games,KidJoy,28.88,36.19,16.33
TOYGABO002,KidJoy Super Board Games,Toys,Games,Board Games,KidJoy,30.87,35.2,18.25
TOYGABO003,ToyWorld Smart Board Games,Toys,Games,Board Games,ToyWorld,25.3,30.06,14.44
TOYGABO004,ImagineThat Smart Board Games,Toys,Games,Board Games,ImagineThat,34.15,37.99,19.76
TOYGABO005,PlayTime Junior Board Games,Toys,Games,Board Games,PlayTime,34.59,41.58,16.94
TOYGABO006,PlayTime Fun Board Games,Toys,Games,Board Games,PlayTime,31.51,34.78,18.44
TOYGABO007,PlayFun Smart Board Games,Toys,Games,Board Games,PlayFun,29.71,36.98,15.97
TOYGABO008,ImagineThat Smart Board Games,Toys,Games,Board Games,ImagineThat,32.3,37.46,13.79
TOYGABO009,ToyWorld Super Board Games,Toys,Games,Board Games,ToyWorld,28.3,32.7,15.87
TOYGABO010,ImagineThat Junior Board Games,Toys,Games,Board Games,ImagineThat,26.52,29.22,15.69
TOYGABO011,PlayFun Fun Board Games,Toys,Games,Board Games,PlayFun,35.96,45.52,19.25
TOYGABO012,KidJoy Smart Board Games,Toys,Games,Board Games,KidJoy,27.53,34.34,11.09
TOYGACA001,PlayTime Junior Card Games,Toys,Games,Card Games,PlayTime,34.0,38.37,18.63
TOYGACA002,ImagineThat Fun Card Games,Toys,Games,Card Games,ImagineThat,33.03,40.68,18.29
TOYGACA003,PlayFun Smart Card Games,Toys,Games,Card Games,PlayFun,33.18,40.57,18.89
TOYGACA004,ToyWorld Junior Card Games,Toys,Games,Card Games,ToyWorld,25.05,27.95,12.47
TOYGACA005,KidJoy Smart Card Games,Toys,Games,Card Games,KidJoy,28.88,32.15,13.9
TOYGACA006,KidJoy Fun Card Games,Toys,Games,Card Games,KidJoy,28.18,35.55,11.9
TOYGACA007,PlayTime Fun Card Games,Toys,Games,Card Games,PlayTime,35.36,45.65,14.66
TOYGACA008,ImagineThat Creative Card Games,Toys,Games,Card Games,ImagineThat,30.26,33.75,13.92
TOYGACA009,ToyWorld Junior Card Games,Toys,Games,Card Games,ToyWorld,30.0,37.24,16.77
TOYGACA010,ImagineThat Junior Card Games,Toys,Games,Card Games,ImagineThat,24.59,29.04,10.2
TOYGAPU001,PlayTime Creative Puzzles,Toys,Games,Puzzles,PlayTime,27.53,31.84,12.29
TOYGAPU002,PlayTime Creative Puzzles,Toys,Games,Puzzles,PlayTime,33.63,39.72,19.7
TOYGAPU003,KidJoy Creative Puzzles,Toys,Games,Puzzles,KidJoy,34.86,41.67,16.19
TOYGAPU004,ImagineThat Fun Puzzles,Toys,Games,Puzzles,ImagineThat,26.7,34.6,14.1
TOYGAPU005,ToyWorld Fun Puzzles,Toys,Games,Puzzles,ToyWorld,31.23,38.4,14.73
TOYGAPU006,PlayTime Junior Puzzles,Toys,Games,Puzzles,PlayTime,25.47,30.58,14.71
